year,franchID,Last Year Rank,Last Year Playoff,Last Year W%,Last Year l%,Last Year Points,Last Year GF,Last Year GA,Last Year PIM,EGF,EPPG,EPIM,NewCoach,NumGoalies,EGA,NumPicks,HighPick,Playoff
1971,MTL,3,1,0.294871795,0.538461538,97,307,205,1271,250,61,1059,0,4,214,3,1,1
1988,DAL,5,0,0.6,0.2375,51,258,278,2313,233,80,2231,0,4,345,1,1,1
1989,COL,5,0,0.575,0.3375,61,240,407,2004,252,81,1763,1,7,339,1,1,0
2003,PIT,5,0,0.536585366,0.329268293,65,190,303,1125,179,63,979,0,5,247,1,1,0
2009,NYI,5,0,0.573170732,0.317073171,61,222,264,1216,193,53,1111,0,3,266,2,1,0
2010,EDM,5,0,0.573170732,0.329268293,62,193,269,1133,195,49,1012,0,3,271,1,1,0
1998,TBL,7,0,0.670731707,0.207317073,44,179,292,1823,148,31,1620,1,6,255,1,1,0
1975,PHI,1,1,0.225,0.6375,113,348,209,1969,292,64,1903,0,5,179,1,1,1
1980,MTL,1,1,0.25,0.5875,107,332,232,874,328,77,864,1,4,236,1,1,1
1982,BOS,2,1,0.3375,0.5375,96,327,228,1266,310,65,1244,0,3,282,1,1,1
1983,DAL,2,1,0.3,0.5,96,345,344,1520,312,90,1344,0,4,286,1,1,1
2001,WPG,4,0,0.548780488,0.280487805,60,187,288,1500,204,53,1425,0,5,280,1,1,0
1976,WAS,5,0,0.7375,0.1375,32,221,307,951,207,49,871,0,3,388,2,1,0
1978,DAL,5,0,0.6625,0.225,45,257,289,1096,207,48,916,1,3,324,1,1,0
1987,BUF,5,0,0.55,0.35,64,283,305,1810,264,64,1738,0,3,302,1,1,1
1994,FLO,5,0,0.404761905,0.392857143,83,115,127,1620,232,65,1612,1,2,226,1,1,0
2008,TBL,5,0,0.512195122,0.37804878,71,210,279,1038,208,57,962,1,5,252,1,1,0
1981,PHO,6,0,0.7125,0.1125,32,319,332,1191,215,51,973,0,2,392,1,1,1
1993,OTT,6,0,0.833333333,0.119047619,24,201,397,1716,172,66,1328,0,4,385,1,1,0
1997,BOS,6,0,0.573170732,0.317073171,61,221,194,1369,214,43,1260,0,3,293,2,1,1
1973,NYI,8,0,0.769230769,0.153846154,30,182,247,881,161,27,835,0,3,347,1,1,0
2007,CHI,5,0,0.512195122,0.37804878,71,239,235,1332,168,38,1144,0,3,242,1,1,0
1977,DET,5,0,0.6875,0.2,41,252,266,1332,153,32,1154,0,3,305,1,1,1
1990,COL,5,0,0.7625,0.15,31,236,354,2104,232,69,2004,0,5,397,1,1,0
1991,COL,5,0,0.625,0.2,46,255,318,1741,199,39,1602,1,4,349,1,1,0
2011,EDM,5,0,0.548780488,0.304878049,62,212,239,1270,190,44,1205,1,3,250,2,1,0
1984,PIT,6,0,0.725,0.2,38,276,385,1695,241,70,1490,0,4,378,3,1,0
1985,TOR,5,0,0.65,0.25,48,311,386,1627,249,69,1570,1,4,349,1,1,1
1986,DET,5,0,0.7125,0.2125,40,260,274,2393,265,79,2265,0,4,407,1,1,1
2000,NYI,5,0,0.585365854,0.292682927,58,185,268,1376,177,44,1336,1,4,266,2,1,0
2002,CBS,5,0,0.573170732,0.268292683,57,213,263,1198,154,47,1132,1,2,246,1,1,0
2006,STL,5,0,0.56097561,0.256097561,57,214,254,1373,167,63,1236,1,4,273,2,1,0
1995,OTT,7,0,0.708333333,0.1875,23,191,291,749,105,29,678,1,3,168,1,1,0
1996,OTT,6,0,0.719512195,0.219512195,41,226,234,1553,173,52,1442,0,3,280,1,1,1
2010,BOS,3,1,0.365853659,0.475609756,91,246,195,953,187,44,915,0,2,188,1,2,1
1988,VAN,5,0,0.575,0.3125,59,251,253,2196,243,75,2051,0,3,314,1,2,1
2003,CAR,5,0,0.524390244,0.268292683,61,172,209,1208,168,57,1182,0,3,233,1,2,0
2009,TBL,5,0,0.487804878,0.292682927,66,217,260,1306,201,58,1158,1,3,259,2,2,0
1989,NYI,6,0,0.5875,0.35,61,281,288,1822,252,80,1722,0,2,317,1,2,1
1971,DET,7,0,0.576923077,0.282051282,55,261,262,988,191,44,923,0,3,303,1,2,0
1982,DAL,1,1,0.2875,0.4625,94,321,290,1358,341,89,1299,1,3,283,1,2,1
2001,OTT,1,1,0.256097561,0.585365854,109,243,208,1062,274,71,1035,0,4,198,2,2,1
1981,LAK,2,1,0.3,0.5375,99,314,369,1627,337,90,1591,1,4,286,1,2,1
1976,PIT,3,1,0.4125,0.4375,82,240,252,1004,338,75,880,1,3,298,1,2,1
1994,ANA,4,0,0.547619048,0.392857143,71,229,251,1507,229,54,1463,0,2,241,1,2,0
1999,VAN,4,0,0.573170732,0.280487805,58,227,237,1764,182,56,1677,0,5,253,2,2,0
1975,NJD,5,0,0.675,0.1875,41,190,351,744,163,53,627,1,3,324,1,2,0
1978,WAS,5,0,0.6125,0.2125,48,273,338,1332,170,31,1197,0,4,314,2,2,0
1980,PHO,5,0,0.6125,0.25,51,246,400,1251,180,57,1021,1,5,308,1,2,0
2008,LAK,5,0,0.524390244,0.390243902,71,207,234,954,208,62,837,0,3,253,2,2,0
1987,NJD,6,0,0.5625,0.3625,64,295,296,1735,279,78,1631,1,3,363,1,2,1
1997,SJS,7,0,0.573170732,0.329268293,62,210,216,2085,211,50,1758,0,3,269,2,2,1
2011,COL,4,0,0.536585366,0.365853659,68,208,220,1077,210,49,851,1,2,273,2,2,0
1984,NJD,5,0,0.7,0.2125,41,264,346,1352,214,49,1114,0,3,345,1,2,0
1990,VAN,5,0,0.5125,0.3125,64,243,315,1644,209,53,1352,1,5,295,2,2,1
2007,PHI,5,0,0.585365854,0.268292683,56,248,233,1301,211,52,1215,0,2,288,1,2,1
1979,STL,3,0,0.625,0.225,48,266,278,1055,208,44,829,0,3,341,1,2,1
1986,LAK,5,0,0.6125,0.2875,54,318,341,2004,268,68,1897,0,4,376,1,2,1
2000,WPG,5,0,0.695121951,0.170731707,39,211,289,1422,167,44,1291,0,4,303,1,2,0
2002,WPG,5,0,0.573170732,0.231707317,54,226,284,1290,187,37,1248,1,4,274,2,2,0
2006,PIT,5,0,0.56097561,0.268292683,58,277,246,1559,201,86,1279,0,2,303,1,2,1
1985,PIT,6,0,0.6375,0.3,53,313,305,1493,250,62,1056,0,3,381,1,2,0
1995,NYI,7,0,0.583333333,0.3125,35,229,315,901,125,28,886,0,4,155,1,2,0
1996,SJS,7,0,0.670731707,0.243902439,47,211,278,1480,248,62,1264,1,4,346,2,2,0
1998,SJS,4,1,0.463414634,0.414634146,78,196,191,1417,208,52,1297,0,3,210,1,3,1
2003,FLO,4,0,0.43902439,0.292682927,70,188,221,1127,170,49,1064,1,2,230,2,3,0
1988,COL,5,0,0.5375,0.4,69,269,342,2042,248,93,1914,1,4,301,2,3,0
1989,TOR,5,0,0.575,0.35,62,337,358,1740,246,56,1673,0,4,335,3,3,1
2009,COL,5,0,0.548780488,0.390243902,69,244,233,1062,181,48,1014,0,2,244,1,3,1
2010,FLO,5,0,0.451219512,0.390243902,77,195,229,977,195,43,850,1,3,222,3,3,0
1971,VAN,6,0,0.58974359,0.307692308,56,203,297,1371,211,47,1237,1,3,292,1,3,0
1980,CHI,1,1,0.3375,0.425,87,304,315,1325,222,63,1219,0,2,242,2,3,1
1983,NYI,2,1,0.325,0.525,96,357,269,1266,302,69,1256,0,3,221,2,3,1
1987,BOS,3,1,0.425,0.4875,85,300,251,1870,278,63,1620,0,3,274,2,3,1
1976,DAL,4,0,0.6625,0.25,47,240,310,1191,157,40,887,0,3,302,1,3,1
1978,STL,4,0,0.5875,0.25,53,249,348,845,160,41,668,0,4,300,1,3,0
2008,WPG,4,0,0.487804878,0.414634146,76,257,280,1077,202,52,915,0,3,260,2,3,0
1981,WAS,5,0,0.45,0.325,70,319,338,1872,252,68,1644,1,3,307,1,3,0
1982,TOR,5,0,0.55,0.25,56,293,330,1888,271,55,1712,0,5,373,1,3,1
2001,TBL,5,0,0.573170732,0.292682927,59,178,219,1404,195,52,1257,0,3,268,1,3,0
1993,TBL,6,0,0.642857143,0.273809524,53,224,251,1625,210,62,1517,0,4,325,1,3,0
1997,LAK,6,0,0.524390244,0.341463415,67,227,225,1638,207,46,1525,0,3,259,2,3,1
1973,VAN,7,0,0.602564103,0.282051282,53,224,296,943,226,46,833,0,3,334,2,3,0
1994,OTT,7,0,0.726190476,0.166666667,37,117,174,1710,178,50,1402,0,4,388,1,3,0
1984,CHI,4,1,0.525,0.375,68,309,299,1358,273,67,1301,0,4,304,1,3,1
1977,WAS,4,0,0.525,0.3,62,195,321,1231,215,38,1207,1,3,304,1,3,0
1991,NJD,4,1,0.4125,0.4,79,289,259,2024,268,69,1968,1,4,258,2,3,1
1990,DET,5,0,0.475,0.35,70,273,298,2140,262,53,1754,0,6,317,1,3,1
2007,PHO,5,0,0.56097561,0.37804878,67,214,231,1445,185,61,1309,0,4,277,2,3,0
2011,FLO,5,0,0.487804878,0.365853659,72,203,227,716,176,33,641,1,4,213,1,3,1
1992,SJS,6,0,0.725,0.2125,39,218,414,1894,187,56,1243,1,4,349,2,3,0
1972,VAN,7,0,0.641025641,0.256410256,48,233,339,1092,158,40,691,1,4,294,1,3,0
1995,LAK,4,0,0.479166667,0.333333333,41,256,302,978,140,35,938,0,3,167,1,3,0
2006,CHI,4,0,0.524390244,0.317073171,65,201,258,1544,199,49,1445,0,4,273,1,3,0
2002,FLO,4,0,0.536585366,0.268292683,60,176,237,1994,175,50,1772,0,2,242,2,3,0
1979,DET,5,0,0.5125,0.2875,62,268,306,1359,244,75,1323,1,2,292,1,3,0
1985,NJD,5,0,0.6,0.275,54,300,374,1282,258,70,1176,0,5,339,1,3,0
1986,NJD,6,0,0.6125,0.35,59,293,368,1424,298,70,1346,0,5,370,1,3,0
1996,NYI,7,0,0.609756098,0.268292683,54,240,250,1669,216,69,1452,0,3,309,1,3,0
1971,STL,2,1,0.320512821,0.435897436,87,208,247,1092,214,56,1040,1,5,207,1,4,1
2009,WPG,4,0,0.5,0.426829268,76,234,256,1256,242,68,1208,1,2,270,1,4,0
1989,PHO,5,0,0.525,0.325,64,298,290,1843,289,77,1682,0,4,346,1,4,1
2003,CBS,5,0,0.512195122,0.353658537,69,177,238,1505,204,71,1411,0,3,259,1,4,0
2010,CBS,5,0,0.426829268,0.390243902,79,215,258,1086,214,56,1048,0,3,246,1,4,0
1988,PIT,6,0,0.4375,0.45,81,347,349,2211,304,105,2013,0,5,312,1,4,1
1998,VAN,7,0,0.524390244,0.304878049,64,192,258,2166,223,48,2139,0,3,268,1,4,0
1980,LAK,2,1,0.45,0.375,74,337,290,1124,265,77,910,1,5,306,2,4,1
1978,VAN,3,0,0.5375,0.25,57,217,291,962,228,55,890,0,3,317,1,4,1
1982,PHI,3,1,0.3875,0.475,87,326,240,2493,317,79,2317,0,4,307,1,4,1
2001,FLO,3,0,0.463414634,0.268292683,66,180,250,1509,184,44,1352,0,3,237,2,4,0
1975,DAL,4,0,0.625,0.2875,53,195,303,1106,200,42,1058,0,3,336,1,4,0
1976,DET,4,0,0.55,0.325,62,183,309,1922,212,44,1834,1,3,295,1,4,0
1987,LAK,4,1,0.5125,0.3875,70,318,359,2038,304,93,1949,0,3,332,1,4,1
1999,NYR,4,0,0.463414634,0.402439024,77,218,246,1087,202,67,907,1,4,219,2,4,0
1983,DET,5,0,0.55,0.2625,57,298,323,1064,206,30,917,0,4,337,1,4,1
2008,STL,5,0,0.43902439,0.402439024,79,233,233,1153,195,46,1080,0,5,223,1,4,1
1973,TOR,6,0,0.525641026,0.346153846,64,274,230,716,246,44,678,0,3,278,3,4,1
1994,EDM,6,0,0.535714286,0.297619048,64,136,183,1858,258,73,1774,1,3,297,2,4,0
1997,NYI,7,0,0.5,0.353658537,70,212,225,1640,226,47,1496,1,3,242,2,4,0
1974,NYI,8,0,0.525641026,0.243589744,56,264,221,1075,182,32,1069,0,2,241,1,4,1
1972,MTL,3,1,0.205128205,0.58974359,108,329,184,783,294,69,733,0,3,203,4,4,1
1977,VAN,4,0,0.525,0.3125,63,239,320,1078,230,50,900,1,4,288,1,4,0
2007,LAK,4,0,0.5,0.329268293,68,231,266,1239,220,81,1187,1,7,269,1,4,0
2011,NJD,4,0,0.475609756,0.463414634,81,228,209,765,168,34,633,1,2,201,1,4,1
1984,TOR,5,0,0.5625,0.325,61,253,358,1682,267,73,1347,0,4,381,1,4,0
1992,COL,5,0,0.6,0.25,52,351,300,2044,240,61,1693,0,3,311,1,4,1
1990,PHI,6,0,0.4875,0.375,71,252,267,2067,285,64,2023,0,4,289,1,4,0
1991,NYI,6,0,0.5625,0.3125,60,291,299,1723,223,51,1703,0,4,283,1,4,0
2002,PHI,1,1,0.329268293,0.512195122,97,211,166,1242,233,39,1196,0,2,185,1,4,1
1979,WAS,4,0,0.5125,0.3,63,261,293,1312,259,54,1183,1,3,334,1,4,0
1985,VAN,5,0,0.575,0.3125,59,282,333,1451,252,61,1312,0,3,394,1,4,1
1986,PIT,5,0,0.475,0.425,76,297,290,1538,311,93,1480,1,4,292,1,4,0
2006,WAS,5,0,0.5,0.353658537,70,235,286,1499,219,67,1307,0,3,291,2,4,0
1995,ANA,6,0,0.5625,0.333333333,37,234,247,731,111,21,671,0,2,158,1,4,0
1996,WAS,4,1,0.390243902,0.475609756,89,214,231,1553,234,63,1539,1,3,199,2,4,0
1971,BUF,5,0,0.5,0.307692308,63,203,289,1188,207,55,912,0,2,286,1,5,0
1989,NJD,5,0,0.5125,0.3375,66,295,288,2499,269,80,2316,0,2,315,2,5,1
2003,BUF,5,0,0.451219512,0.329268293,72,220,221,1276,190,51,1238,0,3,211,1,5,0
2009,LAK,5,0,0.451219512,0.414634146,79,241,219,1207,200,69,1101,0,3,215,1,5,1
2010,NYI,5,0,0.451219512,0.414634146,79,229,264,950,212,49,879,0,6,254,2,5,0
1998,ANA,6,0,0.524390244,0.317073171,65,215,206,1843,199,43,1746,0,3,252,1,5,1
1974,MTL,2,1,0.307692308,0.576923077,99,374,225,761,260,43,686,0,2,237,5,5,1
1983,BUF,3,1,0.3625,0.475,89,315,257,1031,317,67,988,0,2,281,3,5,1
1973,STL,4,1,0.435897436,0.41025641,76,206,248,1195,199,35,1034,0,3,246,1,5,0
1975,DET,4,0,0.5625,0.2875,58,226,300,1078,254,72,1056,1,5,332,1,5,0
1980,WAS,5,0,0.5,0.3375,67,286,317,1198,227,47,1053,0,5,285,1,5,0
1982,WAS,5,0,0.5125,0.325,65,306,283,1932,306,92,1756,0,4,334,1,5,1
1987,PIT,5,0,0.475,0.375,72,319,316,1693,276,68,1574,1,4,284,1,5,0
1999,NYI,5,0,0.585365854,0.292682927,58,194,275,1111,193,53,1078,0,5,236,4,5,0
2001,ANA,5,0,0.5,0.304878049,66,175,198,1136,186,66,1086,1,3,240,1,5,0
2008,TOR,5,0,0.426829268,0.43902439,83,250,293,1087,215,60,1038,0,4,248,1,5,0
1984,MTL,4,1,0.5,0.4375,75,309,262,1371,285,58,1245,1,3,291,2,5,1
1990,PIT,5,0,0.5,0.4,72,342,305,2132,315,86,2034,1,3,353,1,5,1
1991,PHO,5,0,0.5375,0.325,63,251,244,1675,251,74,1647,0,4,279,1,5,1
1992,NYI,5,0,0.4375,0.425,79,335,297,1713,291,75,1700,0,3,289,1,5,1
2007,WAS,5,0,0.487804878,0.341463415,70,242,231,1233,220,67,1099,0,3,264,1,5,1
2011,NYI,5,0,0.475609756,0.365853659,73,203,255,1515,204,47,1394,1,5,248,1,5,0
1972,BUF,6,0,0.551282051,0.205128205,51,257,219,831,187,56,670,0,3,282,1,5,1
1979,VAN,2,1,0.525,0.3125,63,256,281,1134,197,54,953,0,3,288,1,5,1
1986,BUF,5,0,0.4625,0.4625,80,280,308,1608,287,69,1551,1,3,284,1,5,0
2002,PIT,5,0,0.5,0.341463415,69,189,255,1248,184,46,1193,1,3,243,1,5,0
2006,BOS,5,0,0.451219512,0.353658537,74,219,289,1174,209,53,966,1,5,252,1,5,0
1995,TBL,6,0,0.583333333,0.354166667,37,238,248,1040,120,25,1024,0,4,139,1,5,1
1996,DAL,6,0,0.512195122,0.317073171,66,252,198,1652,225,67,1605,0,3,267,1,5,1
1971,BOS,1,1,0.179487179,0.730769231,121,330,204,1156,399,80,1144,0,2,205,2,6,1
1989,CHI,4,1,0.5125,0.3375,66,316,294,2496,295,89,2430,0,5,329,1,6,1
1988,TOR,4,1,0.6125,0.2625,52,259,342,1782,267,53,1527,1,3,341,1,6,0
2009,PHO,4,0,0.475609756,0.43902439,79,225,202,1092,195,48,1012,1,2,242,1,6,1
2010,TBL,4,0,0.43902439,0.414634146,80,247,240,1377,205,62,1272,0,4,247,1,6,1
1998,CAL,5,0,0.5,0.317073171,67,211,234,1859,215,43,1728,0,6,246,1,6,0
2003,SJS,5,0,0.451219512,0.341463415,73,219,183,1112,205,67,1037,0,2,232,2,6,1
1973,BOS,2,1,0.282051282,0.653846154,107,349,221,1097,330,67,1093,1,3,232,1,6,1
1978,PHI,2,1,0.25,0.5625,105,281,248,1668,289,49,1596,0,5,196,3,6,1
1975,TOR,3,1,0.4125,0.3875,78,294,276,1079,269,58,1048,0,3,306,1,6,1
1982,BUF,3,1,0.325,0.4875,93,318,285,1425,282,49,1365,0,3,267,3,6,1
1976,NYR,4,0,0.525,0.3625,67,272,310,911,255,65,893,1,4,331,1,6,0
1980,EDM,4,1,0.4875,0.35,69,328,327,1528,287,59,1459,0,5,313,1,6,1
1999,NAS,4,0,0.573170732,0.341463415,63,199,240,1420,188,40,1372,0,2,253,1,6,0
2008,CBS,4,0,0.43902439,0.414634146,80,226,230,1325,182,50,1239,0,5,201,1,6,1
1981,TOR,5,1,0.4625,0.35,71,298,380,1830,309,80,1756,0,3,361,1,6,0
1983,NJD,5,0,0.6125,0.2125,48,231,350,1270,215,58,999,1,2,335,1,6,0
1987,DAL,5,0,0.5,0.375,70,242,349,1936,296,83,1897,1,3,305,1,6,0
1997,CAL,5,0,0.5,0.390243902,73,217,252,1444,202,60,1392,0,3,233,1,6,0
2001,MIN,5,0,0.475609756,0.304878049,68,195,238,1200,148,31,1107,0,3,206,1,6,0
1993,SJS,6,0,0.845238095,0.130952381,24,252,265,2134,175,58,1783,0,2,409,1,6,1
1974,DAL,7,0,0.487179487,0.294871795,63,221,341,821,222,36,798,1,3,274,1,6,0
1977,CHI,3,1,0.5375,0.325,63,230,220,1104,238,58,1068,0,3,292,1,6,1
1990,NYI,4,1,0.475,0.3875,73,223,290,1777,279,77,1737,0,5,278,1,6,0
1984,LAK,5,0,0.55,0.2875,59,339,326,1265,298,74,1219,0,2,365,1,6,1
1991,PHI,5,0,0.4625,0.4125,76,252,273,1945,240,67,1856,0,3,258,1,6,0
1992,CAL,5,0,0.4625,0.3875,74,322,282,2643,286,85,2385,0,3,300,1,6,1
2007,EDM,5,0,0.524390244,0.390243902,71,235,251,1285,192,53,1263,0,2,232,3,6,0
2011,OTT,5,0,0.487804878,0.390243902,74,249,240,1149,184,45,982,1,4,238,3,6,1
1985,NYI,3,1,0.425,0.5,86,327,284,1516,332,71,1401,0,2,309,2,6,1
2006,CBS,3,0,0.524390244,0.426829268,74,201,249,1416,203,60,1214,1,5,268,1,6,0
1979,DAL,4,0,0.5,0.35,68,311,253,1102,241,61,984,0,4,284,2,6,1
1986,TOR,4,1,0.6,0.3125,57,286,319,1716,287,60,1660,0,3,382,1,6,1
2000,NAS,4,0,0.487804878,0.341463415,70,186,200,946,199,41,882,0,3,233,1,6,0
2002,NAS,4,0,0.5,0.341463415,69,183,206,1071,192,47,942,0,5,223,1,6,0
1995,EDM,5,0,0.5625,0.354166667,38,240,304,1183,133,41,1096,0,4,180,1,6,0
1996,EDM,5,0,0.536585366,0.365853659,68,252,247,1709,240,72,1693,0,2,296,2,6,1
1989,DAL,3,1,0.4625,0.3375,70,284,291,1972,247,75,1863,1,4,269,1,7,1
2010,CAR,3,0,0.451219512,0.426829268,80,236,239,966,216,54,825,0,2,236,1,7,0
1988,LAK,4,1,0.525,0.375,68,376,335,2124,305,101,2026,1,5,353,1,7,1
2003,NAS,4,0,0.426829268,0.329268293,74,216,217,969,169,58,832,0,2,201,1,7,1
1998,NYR,5,0,0.475609756,0.304878049,68,217,227,1548,157,48,1391,0,2,224,1,7,0
2009,TOR,5,0,0.426829268,0.414634146,81,214,267,1125,230,60,1010,0,4,281,1,7,0
1975,CHI,3,1,0.4375,0.4625,82,254,261,1112,268,71,1092,0,2,236,1,7,1
1981,MTL,1,1,0.275,0.5625,103,360,223,1398,332,72,1370,0,4,228,3,7,1
1982,CHI,4,1,0.475,0.375,72,338,268,1775,321,78,1727,0,2,352,1,7,1
2008,NAS,2,1,0.390243902,0.5,91,213,233,1027,218,53,995,0,2,217,2,7,0
1976,STL,3,1,0.4625,0.3625,72,239,276,1274,249,55,1256,0,4,287,1,7,1
1980,VAN,3,1,0.4625,0.3375,70,289,301,1808,255,53,1790,0,3,275,1,7,1
1983,TOR,3,1,0.5,0.35,68,303,387,1481,283,77,1271,1,5,327,1,7,0
1999,WAS,3,0,0.548780488,0.37804878,68,227,194,1381,176,42,1064,0,2,210,1,7,1
1987,TOR,4,1,0.525,0.4,70,273,345,1827,280,51,1604,0,3,313,1,7,1
1973,PIT,5,0,0.474358974,0.41025641,73,242,273,866,236,49,776,0,4,260,1,7,0
1993,EDM,5,0,0.595238095,0.30952381,60,261,305,2027,242,66,2013,1,3,333,2,7,0
1994,LAK,5,0,0.535714286,0.321428571,66,142,174,2017,284,90,1898,1,5,309,1,7,0
2001,MTL,5,0,0.487804878,0.341463415,70,207,209,1020,199,66,935,0,5,223,2,7,1
1997,TBL,6,0,0.487804878,0.390243902,74,151,269,1686,217,47,1663,1,5,238,1,7,0
1977,DAL,2,1,0.4875,0.2875,64,218,325,774,238,58,711,1,3,306,1,7,0
1984,DET,3,1,0.525,0.3875,69,313,357,1546,296,79,1513,1,3,309,1,7,1
1990,LAK,4,1,0.4875,0.425,75,340,254,1844,327,76,1550,0,2,324,1,7,1
1991,VAN,4,1,0.5375,0.35,65,285,250,2063,239,64,1870,0,2,308,1,7,1
2007,CBS,4,0,0.512195122,0.402439024,73,193,218,1357,176,58,1170,0,3,239,1,7,0
1972,PHI,5,0,0.487179487,0.333333333,66,296,256,1233,174,41,1155,0,3,228,1,7,1
1992,PHI,6,0,0.4625,0.4,75,319,319,1838,239,68,1751,1,3,266,2,7,0
1979,CHI,1,1,0.45,0.3625,73,241,250,1254,240,41,1147,1,2,266,1,7,1
1985,NYR,4,1,0.55,0.325,62,280,276,1301,264,63,1175,1,4,341,1,7,1
1986,VAN,4,1,0.55,0.2875,59,282,314,1813,272,85,1749,1,4,329,1,7,0
2006,NYI,4,0,0.487804878,0.43902439,78,248,240,1266,219,75,1153,0,3,263,1,7,1
2000,BOS,5,0,0.402439024,0.292682927,73,227,249,865,208,51,795,1,5,241,2,7,0
2002,ANA,5,0,0.512195122,0.353658537,69,203,193,1254,160,42,989,0,2,191,1,7,1
1995,PHO,6,0,0.520833333,0.333333333,39,275,291,1141,152,40,1094,1,5,173,1,7,1
1996,BUF,5,0,0.512195122,0.402439024,73,237,208,2195,243,76,2055,1,3,254,1,7,1
1988,CHI,3,1,0.5125,0.375,69,297,335,2228,273,95,2019,0,5,323,1,8,1
2010,WPG,2,0,0.414634146,0.426829268,83,223,269,1053,189,42,820,1,3,242,1,8,0
1971,PHI,3,1,0.423076923,0.358974359,73,200,236,1060,196,42,957,0,4,218,2,8,0
2003,WPG,3,0,0.475609756,0.37804878,74,214,243,1253,179,61,930,0,3,278,1,8,0
1998,CHI,5,0,0.475609756,0.365853659,73,202,248,1546,189,47,1494,1,4,192,1,8,0
2009,DAL,3,0,0.426829268,0.43902439,83,237,254,1144,221,54,1093,0,4,242,1,8,0
1989,VAN,4,1,0.4875,0.4125,74,245,306,1569,241,76,1515,0,2,241,1,8,0
1973,MTL,1,1,0.128205128,0.666666667,120,293,240,783,329,52,775,0,3,182,1,8,1
1978,MTL,1,1,0.125,0.7375,129,337,204,745,359,73,735,1,2,182,2,8,1
1987,CHI,3,1,0.4625,0.3625,72,284,328,1692,273,54,1631,1,2,308,1,8,1
1981,EDM,4,1,0.4375,0.3625,74,417,295,1544,323,75,1474,0,3,320,1,8,1
1983,PHO,4,1,0.4875,0.4125,74,340,374,1089,301,78,1024,0,5,328,2,8,1
2008,PHO,4,0,0.451219512,0.463414634,83,208,252,1193,195,58,1091,0,4,217,2,8,0
1974,PIT,5,0,0.525641026,0.358974359,65,326,289,950,242,47,880,0,4,271,1,8,1
2001,CBS,5,0,0.475609756,0.341463415,71,164,255,1234,177,49,1110,0,3,226,1,8,0
1993,NYR,6,0,0.464285714,0.404761905,79,299,231,1657,298,77,1633,1,2,300,1,8,1
1994,TBL,7,0,0.511904762,0.357142857,71,120,144,1579,220,56,1553,0,2,246,1,8,0
2011,PHI,1,1,0.280487805,0.573170732,106,264,232,1119,235,48,1071,1,2,210,1,8,1
1977,NYR,4,0,0.4625,0.3625,72,279,280,1164,272,60,1129,1,4,306,2,8,1
1990,DAL,4,1,0.5,0.45,76,256,266,2041,279,79,1927,0,4,281,1,8,1
1991,DAL,4,1,0.4875,0.3375,68,246,278,1964,256,76,1948,0,2,255,1,8,1
1992,TOR,5,0,0.5375,0.375,67,288,241,1734,215,59,1653,0,4,285,2,8,1
2007,BOS,5,0,0.5,0.426829268,76,212,222,1256,195,68,1120,0,4,275,1,8,1
1979,BOS,1,1,0.2875,0.5375,100,310,234,1222,316,59,1185,1,5,268,2,8,1
1985,DET,3,1,0.5125,0.3375,66,266,415,1741,252,52,1419,1,5,353,1,8,0
1986,PHO,3,1,0.5875,0.325,59,279,271,1774,289,72,1633,0,3,365,1,8,1
2000,TBL,4,0,0.573170732,0.231707317,54,201,280,1733,200,51,1639,1,6,302,1,8,0
2002,MIN,5,0,0.426829268,0.317073171,73,198,178,1209,190,55,1166,0,3,237,1,8,1
2006,PHO,5,0,0.475609756,0.463414634,81,216,284,1511,229,92,1354,0,4,260,2,8,0
1995,MTL,6,0,0.479166667,0.375,43,265,248,840,120,25,745,1,5,145,1,8,1
1996,BOS,2,1,0.37804878,0.487804878,91,234,300,1039,251,61,913,1,6,266,1,8,0
1988,STL,2,1,0.475,0.425,76,275,285,1919,247,78,1564,0,2,288,1,9,1
1989,STL,2,1,0.4375,0.4125,78,295,279,1675,272,72,1641,0,4,278,1,9,1
1998,NYI,4,0,0.5,0.365853659,71,194,244,1646,211,61,1626,1,4,215,1,9,0
2009,OTT,4,0,0.426829268,0.43902439,83,225,238,1098,212,66,1035,0,3,218,1,9,1
2010,MIN,4,0,0.43902439,0.463414634,84,206,233,924,190,52,790,1,3,230,1,9,0
2003,CAL,5,0,0.43902439,0.353658537,75,200,176,1391,181,44,1253,0,4,222,1,9,1
1975,MTL,1,1,0.175,0.5875,113,337,174,1155,371,92,1137,0,2,223,2,9,1
1976,CHI,1,1,0.375,0.4,82,240,298,944,253,72,878,1,4,255,1,9,1
1978,DET,2,1,0.425,0.4,78,252,295,1534,240,56,1495,0,2,263,2,9,0
1980,PIT,3,1,0.4625,0.375,73,302,345,1038,246,48,1010,0,3,297,1,9,1
1983,VAN,3,1,0.4375,0.375,75,306,328,1639,280,80,1621,0,3,300,1,9,1
1981,NYR,4,1,0.45,0.375,74,316,306,1981,295,57,1891,0,5,309,1,9,1
2001,CHI,4,0,0.487804878,0.353658537,71,216,207,1001,198,40,854,0,2,238,2,9,1
1987,COL,4,1,0.4875,0.3875,72,271,306,1741,255,66,1679,0,3,272,2,9,0
1994,NYI,4,1,0.428571429,0.428571429,84,126,158,1787,276,72,1685,0,3,261,1,9,0
1997,WAS,5,0,0.487804878,0.402439024,75,219,202,1652,213,51,1492,0,2,222,1,9,1
2008,NYI,5,0,0.463414634,0.426829268,79,201,279,1041,167,44,854,0,4,231,1,9,0
1974,DET,6,0,0.5,0.371794872,68,259,335,917,251,58,877,0,4,319,1,9,0
1977,STL,1,1,0.4875,0.4,73,195,304,877,215,46,541,1,5,273,1,9,0
2011,BOS,1,1,0.304878049,0.56097561,103,269,202,1115,228,37,1039,1,4,183,1,9,1
2007,SJS,2,1,0.317073171,0.62195122,107,222,193,955,256,92,939,1,4,190,2,9,1
1972,STL,3,1,0.5,0.358974359,67,233,251,1150,192,34,1071,1,3,242,1,9,1
1990,WAS,3,1,0.475,0.45,78,258,258,2204,281,70,2148,0,3,263,1,9,1
1979,TOR,3,1,0.4125,0.425,81,304,327,1440,263,60,1405,1,5,249,1,9,1
1995,BOS,3,1,0.375,0.5625,57,282,269,793,141,43,781,0,5,125,2,9,1
1985,LAK,4,1,0.4,0.425,82,284,389,1413,334,87,1321,0,4,320,2,9,0
1986,NYR,4,1,0.475,0.45,78,307,323,1496,279,72,1449,0,4,274,1,9,1
2000,CAL,4,0,0.43902439,0.37804878,77,197,236,1267,211,59,1218,0,2,250,1,9,0
2006,MIN,5,0,0.43902439,0.463414634,84,235,191,1209,221,75,1149,0,3,206,1,9,1
1996,ANA,4,0,0.475609756,0.426829268,78,245,233,1707,219,56,1537,1,3,242,1,9,1
1971,NYR,2,1,0.230769231,0.628205128,109,317,192,952,259,60,938,0,2,173,2,10,1
1988,PHO,3,1,0.45,0.4125,77,300,355,2278,292,110,2231,1,5,308,1,10,0
2003,MTL,4,0,0.426829268,0.365853659,77,208,192,900,200,42,763,0,2,226,1,10,1
2009,EDM,4,0,0.426829268,0.463414634,85,214,284,1247,228,60,1227,1,3,239,1,10,0
2010,NYR,4,0,0.402439024,0.463414634,87,233,198,1159,211,55,1019,0,3,204,1,10,1
1998,TOR,6,0,0.524390244,0.365853659,69,268,231,1481,193,41,1459,0,4,229,1,10,1
1975,VAN,1,1,0.4,0.475,86,271,272,965,271,70,949,0,3,249,1,10,1
1978,CHI,1,1,0.3625,0.4,83,244,277,1308,230,43,1296,0,2,216,1,10,1
1993,COL,2,1,0.321428571,0.55952381,104,277,292,1846,342,101,1798,1,4,292,2,10,0
1981,VAN,3,1,0.4,0.35,76,290,286,1892,260,59,1680,0,3,298,1,10,1
1994,WAS,3,1,0.416666667,0.464285714,88,136,120,2007,275,69,1895,0,4,259,2,10,1
1982,PIT,4,1,0.45,0.3875,75,257,394,2212,292,95,1975,0,4,326,1,10,0
1987,NYR,4,1,0.475,0.425,76,300,283,1718,306,75,1593,0,3,316,1,10,0
1997,VAN,4,0,0.487804878,0.426829268,77,224,273,1607,232,47,1481,0,5,268,1,10,0
2001,NYR,4,0,0.524390244,0.402439024,72,227,258,1522,247,65,1482,1,3,283,1,10,0
2008,VAN,5,0,0.402439024,0.475609756,88,246,220,1474,187,62,1163,0,4,203,1,10,1
1977,MTL,1,1,0.1,0.75,132,359,183,764,387,59,754,0,2,170,2,10,1
1972,NYR,2,1,0.217948718,0.615384615,109,297,208,1010,316,59,1006,0,3,189,2,10,1
1984,VAN,3,1,0.4875,0.4,73,284,401,1474,271,84,1389,1,3,316,1,10,0
1990,TOR,3,1,0.475,0.475,80,241,318,2419,329,81,2278,1,4,351,1,10,0
1991,DET,3,1,0.475,0.425,76,320,256,1940,268,55,1914,0,5,292,1,10,1
2011,MIN,3,0,0.426829268,0.475609756,86,177,226,983,203,53,965,1,3,218,2,10,0
2007,FLO,4,0,0.37804878,0.426829268,86,216,226,1181,228,59,1119,1,2,242,1,10,0
1986,STL,3,1,0.425,0.4625,83,281,293,1478,290,74,1403,0,2,286,1,10,1
2000,CHI,3,0,0.451219512,0.402439024,78,210,246,1444,238,52,1352,1,4,231,2,10,0
2002,CAL,4,0,0.426829268,0.390243902,79,186,228,1586,201,55,1570,1,2,213,1,10,0
2006,FLO,4,0,0.414634146,0.451219512,85,247,257,1279,236,63,1247,0,3,247,1,10,0
1995,FLO,5,0,0.458333333,0.416666667,46,254,234,770,113,27,701,0,2,122,1,10,1
1996,NJD,6,0,0.402439024,0.451219512,86,231,182,1486,215,55,1482,0,3,194,1,10,1
1989,DET,1,1,0.425,0.425,80,288,323,2245,301,70,2143,1,4,309,1,11,0
2003,PHI,2,1,0.243902439,0.548780488,107,229,186,1003,205,47,933,0,5,162,2,11,1
2009,NAS,5,0,0.414634146,0.487804878,88,225,225,994,195,43,873,0,2,215,1,11,1
2010,DAL,5,0,0.37804878,0.451219512,88,227,233,963,226,60,943,1,3,235,1,11,0
1998,CAR,6,0,0.5,0.402439024,74,210,202,1455,198,50,1405,0,2,209,1,11,1
1982,VAN,2,1,0.4125,0.375,77,303,309,1840,284,64,1818,1,4,283,1,11,1
1987,DET,2,1,0.45,0.425,78,322,269,2209,256,69,2144,0,4,267,1,11,1
1993,WAS,2,1,0.404761905,0.511904762,93,277,263,1709,325,97,1659,1,4,276,2,11,1
1975,NYI,3,1,0.3125,0.4125,88,297,190,1116,264,51,1114,0,2,215,1,11,1
1994,SJS,3,1,0.416666667,0.392857143,82,129,161,1343,244,66,1269,0,2,259,1,11,1
1999,CAL,3,0,0.487804878,0.365853659,72,211,256,1389,211,51,1361,1,3,227,1,11,0
1981,COL,4,1,0.4,0.375,78,356,345,1524,308,80,1254,0,4,311,1,11,1
1997,MTL,4,1,0.43902439,0.37804878,77,235,208,1469,249,53,1445,0,3,271,1,11,1
2001,PHO,4,0,0.329268293,0.426829268,90,228,210,1337,206,57,1283,0,3,206,1,11,1
1973,DET,5,0,0.371794872,0.474358974,86,255,319,893,250,49,854,0,6,235,1,11,0
1974,BUF,5,0,0.435897436,0.41025641,76,354,240,787,240,48,718,0,4,245,1,11,1
1980,DET,5,0,0.5375,0.325,63,252,339,1114,264,61,1030,1,5,301,1,11,0
2008,CHI,3,0,0.414634146,0.487804878,88,264,216,1383,223,57,1288,0,4,221,1,11,1
1990,CAL,1,1,0.2875,0.525,99,344,263,1751,346,99,1715,0,3,261,1,11,1
1977,TOR,3,1,0.4,0.4125,81,271,237,1200,300,63,1178,0,2,279,2,11,1
1992,BUF,3,1,0.4625,0.3875,74,335,297,2713,273,99,2577,0,4,295,1,11,1
2007,CAR,3,0,0.414634146,0.487804878,88,252,249,1021,241,67,1007,0,3,239,1,11,0
1972,TOR,4,1,0.397435897,0.423076923,80,247,279,887,194,44,805,1,3,202,1,11,0
1979,BUF,2,1,0.35,0.45,88,318,201,1026,278,55,956,0,2,262,1,11,1
1985,CHI,2,1,0.4375,0.475,83,351,349,1432,303,62,1384,0,3,294,1,11,1
2006,LAK,4,0,0.426829268,0.512195122,89,227,283,1474,227,74,1374,0,5,260,2,11,0
1995,DAL,5,1,0.479166667,0.354166667,42,227,280,1117,133,38,949,1,5,133,1,11,0
2002,BUF,5,0,0.426829268,0.426829268,82,190,219,1217,213,50,1197,0,3,191,2,11,0
1971,CHI,1,1,0.256410256,0.628205128,107,256,166,1280,277,60,1268,0,3,182,1,12,1
1998,COL,1,1,0.317073171,0.475609756,95,239,205,1729,225,72,1553,0,3,198,4,12,1
1988,NJD,4,1,0.45,0.475,82,281,325,2315,295,98,2303,0,4,290,1,12,0
2003,NYR,4,0,0.43902439,0.390243902,78,206,250,1308,191,50,1238,0,5,223,1,12,0
2010,ANA,4,0,0.390243902,0.475609756,89,239,235,1321,223,58,1271,0,5,234,2,12,1
1976,MTL,1,1,0.1375,0.725,127,387,171,977,337,75,963,0,2,171,3,12,1
1987,STL,1,1,0.4125,0.4,79,278,294,1572,280,79,1538,1,3,288,1,12,1
1981,CHI,2,1,0.4125,0.3875,78,332,363,1660,304,67,1624,1,3,308,1,12,1
1975,NYR,2,1,0.3625,0.4625,88,262,333,1053,316,81,1011,0,4,270,1,12,0
1980,STL,2,1,0.425,0.425,80,352,281,1037,263,53,933,0,3,275,1,12,1
1982,PHO,2,1,0.4125,0.4125,80,311,333,1314,318,74,1236,0,3,329,1,12,1
1999,FLO,2,0,0.414634146,0.365853659,78,244,209,1522,202,46,1417,0,5,224,1,12,1
1993,TOR,3,1,0.345238095,0.523809524,99,280,243,1815,288,98,1803,0,2,236,2,12,1
1997,OTT,3,1,0.43902439,0.37804878,77,193,200,1087,223,56,1043,0,2,230,1,12,1
2001,NAS,3,0,0.43902439,0.414634146,80,196,230,944,186,51,923,0,3,194,1,12,0
1973,BUF,4,1,0.346153846,0.474358974,88,242,250,940,240,50,865,1,4,213,1,12,0
1983,NYR,4,1,0.4375,0.4375,80,314,304,1100,300,70,1009,0,4,281,1,12,1
2008,BUF,4,0,0.37804878,0.475609756,90,250,234,1004,250,66,960,0,3,225,2,12,0
1994,COL,5,0,0.5,0.404761905,76,185,134,1625,264,63,1514,0,3,281,2,12,1
1972,DAL,2,1,0.371794872,0.474358974,86,254,230,853,205,53,839,0,3,191,1,12,1
1984,CAL,2,1,0.4,0.425,82,363,302,1390,301,64,1267,0,2,311,1,12,1
1992,CHI,2,1,0.3625,0.45,87,279,230,2663,254,81,2573,0,2,231,1,12,1
1990,MTL,3,1,0.35,0.5125,93,273,249,1590,288,54,1576,0,4,231,1,12,1
1991,EDM,3,1,0.4625,0.4625,80,295,297,1823,270,63,1799,0,4,267,2,12,1
2011,CAR,3,0,0.37804878,0.487804878,91,213,243,835,230,55,767,1,4,227,1,12,0
2007,MTL,4,0,0.414634146,0.512195122,90,262,222,1133,233,85,1035,0,3,244,2,12,1
1985,MTL,1,1,0.3375,0.5125,94,330,280,1464,289,74,1432,0,3,258,2,12,1
1986,DAL,2,1,0.4125,0.475,85,296,314,1672,325,89,1541,1,3,300,1,12,0
2002,WAS,2,0,0.402439024,0.43902439,85,224,220,1043,215,55,902,0,3,233,3,12,1
1995,SJS,3,1,0.520833333,0.395833333,42,252,357,840,127,24,731,1,4,155,1,12,0
2006,WPG,3,0,0.402439024,0.5,90,246,245,1344,269,99,1237,0,2,264,1,12,1
2000,ANA,5,0,0.402439024,0.414634146,83,188,245,926,217,55,916,1,4,218,1,12,0
1996,VAN,3,1,0.426829268,0.390243902,79,257,273,1546,272,69,1516,0,3,270,1,12,0
1989,MTL,1,1,0.225,0.6625,115,288,234,1537,305,79,1495,0,3,214,1,13,1
2010,PHO,2,1,0.304878049,0.609756098,107,231,226,925,202,43,869,0,3,189,2,13,1
1988,BUF,3,1,0.4,0.4625,85,291,299,2277,276,79,2114,1,6,301,1,13,1
1998,EDM,3,1,0.451219512,0.426829268,80,230,226,1690,215,77,1642,1,4,216,1,13,1
2003,LAK,3,0,0.451219512,0.402439024,78,205,217,1146,178,45,978,0,4,212,3,13,0
2009,BUF,3,0,0.390243902,0.5,91,235,207,1121,240,74,1083,0,3,221,1,13,1
1973,CHI,1,1,0.346153846,0.538461538,93,272,164,864,274,50,846,0,2,219,1,13,1
1978,BUF,2,1,0.2375,0.55,105,280,263,800,272,46,767,1,3,212,1,13,1
1983,CAL,2,1,0.425,0.4,78,311,314,1146,315,63,1092,0,3,313,1,13,1
1994,VAN,2,1,0.476190476,0.488095238,85,153,148,1923,278,83,1901,0,2,269,1,13,1
1999,EDM,2,1,0.451219512,0.402439024,78,226,212,1373,228,63,1357,1,3,221,1,13,1
2001,EDM,2,1,0.341463415,0.475609756,93,205,182,1287,243,59,1249,0,3,215,1,13,0
1975,PIT,3,1,0.35,0.4625,89,339,303,1119,320,63,1073,1,4,285,1,13,1
1981,DAL,3,1,0.35,0.4375,87,346,288,1624,283,88,1561,0,3,258,1,13,1
1987,NYI,3,1,0.4125,0.4375,82,308,267,1857,241,76,1798,0,2,277,1,13,1
1997,CHI,5,1,0.426829268,0.414634146,81,192,199,1763,213,43,1650,1,3,203,2,13,0
1974,TOR,4,1,0.346153846,0.448717949,86,280,309,903,274,51,891,0,4,225,1,13,1
1982,COL,4,1,0.3875,0.4125,82,343,336,1757,356,83,1731,0,3,341,1,13,1
1993,NJD,4,1,0.44047619,0.476190476,87,306,220,1815,304,76,1785,0,3,297,1,13,1
1972,CHI,1,1,0.217948718,0.58974359,107,284,225,844,247,42,787,0,2,165,1,13,1
1984,DAL,1,1,0.3875,0.4875,88,268,321,1696,339,91,1669,1,4,339,1,13,1
1990,NYR,1,1,0.3875,0.45,85,297,265,2021,278,103,1938,0,2,265,1,13,1
2011,CAL,2,0,0.353658537,0.5,94,202,226,836,235,61,783,1,3,218,1,13,0
1991,BUF,3,1,0.375,0.3875,81,289,299,1733,292,73,1697,1,4,275,1,13,1
1992,EDM,3,1,0.425,0.45,82,242,337,1907,295,68,1881,0,2,291,1,13,0
2007,STL,3,0,0.426829268,0.414634146,81,205,237,1223,189,44,1078,0,4,238,3,13,0
1979,NYR,3,1,0.3625,0.5,91,308,284,1214,316,75,1176,0,4,289,1,13,1
1986,BOS,3,1,0.3875,0.4625,86,301,276,1919,307,95,1877,1,5,285,1,13,1
2000,MTL,4,0,0.414634146,0.426829268,83,206,232,1067,194,53,1032,0,4,190,2,13,0
2006,TOR,4,0,0.402439024,0.5,90,258,269,1398,221,94,1026,0,3,257,1,13,0
1996,CAL,2,1,0.451219512,0.414634146,79,214,239,1524,234,70,1460,1,3,236,1,13,0
1988,PHI,3,1,0.4125,0.475,85,307,285,2194,289,83,2119,0,4,288,1,14,1
1989,BUF,3,1,0.4375,0.475,83,286,248,2034,280,78,1942,0,2,295,1,14,1
2009,FLO,3,0,0.365853659,0.5,93,208,244,900,195,48,778,0,3,212,1,14,0
2003,CHI,3,0,0.402439024,0.365853659,79,188,259,1189,195,38,1069,1,6,221,1,14,0
1998,PHO,4,1,0.426829268,0.426829268,82,205,197,1602,199,51,1367,1,5,222,1,14,1
2010,STL,4,0,0.390243902,0.487804878,90,240,234,1318,186,44,1187,0,3,208,2,14,0
1975,BOS,2,1,0.325,0.5,94,313,237,1153,339,85,1136,0,3,238,1,14,1
1976,NYI,2,1,0.2625,0.525,101,288,193,1277,297,92,1267,0,2,186,1,14,1
1981,BOS,2,1,0.375,0.4625,87,323,285,1836,304,83,1776,0,3,270,1,14,1
2008,CAR,2,0,0.402439024,0.524390244,92,239,226,1183,238,79,1069,1,2,240,1,14,1
1973,NYR,3,1,0.294871795,0.602564103,102,300,251,765,296,54,755,0,3,204,1,14,1
1974,NYR,3,1,0.307692308,0.512820513,94,319,276,782,283,66,774,1,4,248,1,14,1
1980,NYR,3,1,0.4,0.475,86,312,317,1342,304,77,1258,0,5,278,1,14,1
1994,CHI,5,1,0.428571429,0.464285714,87,156,115,2125,238,64,2075,1,3,240,1,14,1
1997,EDM,3,1,0.451219512,0.43902439,81,215,224,1368,252,73,1335,0,2,241,1,14,1
1999,SJS,4,1,0.402439024,0.37804878,80,225,214,1423,196,53,1409,0,3,187,1,14,1
2001,CAL,4,0,0.43902439,0.329268293,73,201,220,1376,190,64,1283,0,3,227,1,14,0
1977,BUF,2,1,0.3,0.6,104,288,215,848,301,60,830,0,3,218,1,14,1
1990,BUF,2,1,0.3375,0.5625,98,292,278,1449,286,79,1404,0,4,245,1,14,1
1992,WAS,2,1,0.3375,0.5625,98,325,286,1777,330,92,1695,0,5,271,1,14,1
1991,WAS,3,1,0.45,0.4625,81,330,275,1839,255,64,1823,0,3,253,2,14,1
1984,NYR,4,1,0.3625,0.525,93,295,345,1471,298,73,1408,1,2,295,1,14,1
2007,COL,4,0,0.37804878,0.536585366,95,231,219,884,254,78,807,1,3,238,1,14,1
2011,DAL,5,0,0.353658537,0.512195122,95,211,222,1066,217,55,956,1,3,215,1,14,0
2000,COL,1,1,0.341463415,0.512195122,96,270,192,1118,233,59,1100,0,2,194,1,14,1
1979,PHI,2,1,0.3125,0.5,95,327,254,1548,276,59,1498,0,3,240,1,14,1
1986,CHI,1,1,0.4125,0.4875,86,290,310,1537,348,85,1501,0,3,345,1,14,1
1985,BUF,3,1,0.35,0.475,90,296,291,1221,276,75,1117,0,3,232,1,14,0
1995,BUF,4,1,0.395833333,0.458333333,51,247,262,1022,126,44,992,0,5,117,2,14,0
2002,MTL,4,1,0.37804878,0.43902439,87,206,234,974,203,45,840,0,3,200,1,14,0
2006,VAN,4,0,0.390243902,0.512195122,92,222,201,1477,252,96,1435,0,2,247,1,14,1
1996,STL,4,1,0.414634146,0.390243902,80,236,239,1823,214,72,1763,1,2,247,1,14,1
1988,WAS,2,1,0.4125,0.475,85,305,259,1680,280,94,1589,0,3,244,1,15,1
2009,ANA,2,1,0.402439024,0.512195122,91,238,251,1426,237,73,1346,0,3,226,2,15,0
1989,EDM,3,1,0.425,0.475,84,315,283,1931,317,78,1802,0,5,301,1,15,1
2003,NYI,3,1,0.414634146,0.426829268,83,237,210,1244,224,58,1186,0,3,218,1,15,1
2010,LAK,3,1,0.329268293,0.56097561,101,219,198,979,230,64,937,0,2,206,1,15,1
1998,OTT,5,1,0.402439024,0.414634146,83,239,179,1091,193,48,1032,0,2,191,1,15,1
1978,NYI,1,1,0.2125,0.6,111,358,214,938,334,71,934,0,2,207,1,15,1
1982,NYR,2,1,0.3375,0.4875,92,306,287,1402,296,65,1330,0,5,303,1,15,1
1999,PHO,2,1,0.37804878,0.475609756,90,232,228,1412,204,41,1392,0,4,190,2,15,1
2001,CAR,2,1,0.390243902,0.463414634,88,217,217,1083,208,69,1035,0,3,217,1,15,1
2008,OTT,2,1,0.37804878,0.524390244,94,217,237,1175,245,58,1112,0,3,234,1,15,0
1981,CAL,3,1,0.3375,0.4875,92,334,345,1450,321,81,1313,0,2,293,1,15,1
1993,PHO,4,1,0.44047619,0.476190476,87,245,344,1851,320,97,1821,0,4,316,1,15,0
1983,PIT,6,0,0.6625,0.225,45,254,390,1859,240,79,1745,1,4,383,1,15,0
1977,NYI,2,1,0.2625,0.5875,106,334,210,1012,282,56,989,0,3,190,1,15,1
1991,NYR,2,1,0.3875,0.45,85,321,246,1893,296,91,1836,0,2,261,1,15,1
1984,COL,3,1,0.35,0.525,94,323,275,1600,355,65,1580,0,3,276,1,15,1
2011,NYR,3,1,0.402439024,0.536585366,93,226,187,1074,212,47,989,1,2,187,1,15,1
1985,COL,2,1,0.375,0.5125,91,330,289,1643,313,63,1611,0,3,274,1,15,1
1986,MTL,2,1,0.4125,0.5,87,277,241,1372,311,84,1299,0,2,276,1,15,1
2006,TBL,2,1,0.402439024,0.524390244,92,253,261,959,232,74,839,0,3,246,1,15,1
2000,BUF,3,1,0.390243902,0.426829268,85,218,184,1173,213,37,1161,0,4,198,1,15,1
2002,EDM,3,0,0.341463415,0.463414634,92,231,230,1267,205,51,1261,0,2,177,1,15,1
1995,TOR,4,1,0.395833333,0.4375,50,247,252,744,134,37,663,1,3,138,1,15,1
1996,PHI,1,1,0.292682927,0.548780488,103,274,217,1785,273,80,1717,1,2,203,1,15,1
1988,NYI,1,1,0.3875,0.4875,88,265,325,1732,288,78,1598,0,4,266,1,16,0
1989,PIT,2,1,0.4125,0.5,87,318,359,2670,344,119,2590,0,4,344,1,16,0
2009,MIN,3,0,0.402439024,0.487804878,89,219,246,889,213,65,820,0,4,191,1,16,0
1998,MTL,4,1,0.390243902,0.451219512,87,184,209,1547,235,68,1527,0,4,206,1,16,0
1976,BOS,1,1,0.1875,0.6,113,312,240,1195,313,77,1160,0,3,235,1,16,1
1974,CHI,2,1,0.179487179,0.525641026,105,268,241,877,272,55,873,0,3,161,1,16,1
1978,BOS,1,1,0.225,0.6375,113,316,270,1237,328,44,1218,1,3,217,1,16,1
1999,CAR,1,1,0.365853659,0.414634146,86,217,216,1158,209,41,1132,0,3,196,1,16,0
1975,LAK,2,1,0.2125,0.525,105,263,265,1185,269,52,1177,0,2,182,1,16,1
1981,PHI,2,1,0.3,0.5125,97,325,313,2621,308,74,2373,0,3,241,1,16,1
1994,TOR,2,1,0.345238095,0.511904762,98,135,146,1877,276,88,1799,0,2,240,1,16,1
1980,DAL,3,1,0.35,0.45,88,291,263,1064,309,75,1003,0,2,251,1,16,1
1987,PHO,3,1,0.4,0.5,88,292,310,1537,276,51,1515,0,3,267,1,16,1
2001,VAN,3,1,0.341463415,0.43902439,90,254,211,1113,238,70,1083,0,4,232,1,16,1
2008,BOS,3,1,0.353658537,0.5,94,274,196,1069,187,49,921,0,3,209,1,16,1
1972,BOS,1,1,0.166666667,0.692307692,119,330,235,1112,307,64,957,0,4,203,1,16,1
1977,BOS,1,1,0.2875,0.6125,106,333,218,1065,293,45,1033,0,4,237,1,16,1
1991,PIT,1,1,0.4125,0.5125,88,343,308,1641,342,89,1608,0,4,303,1,16,1
1992,BOS,2,1,0.4,0.45,84,332,268,1752,261,76,1661,0,4,268,1,16,1
2007,MIN,2,1,0.317073171,0.585365854,104,223,218,862,224,72,836,0,2,183,1,16,1
1990,CHI,1,1,0.4125,0.5125,88,284,211,2426,292,75,2064,0,5,290,1,16,1
2011,BUF,3,1,0.353658537,0.524390244,96,218,230,958,229,54,876,1,3,218,1,16,0
1986,CAL,2,1,0.3875,0.5,89,318,289,2297,354,92,2279,1,3,313,1,16,1
2006,SJS,2,1,0.329268293,0.536585366,99,258,199,1058,255,86,1028,0,2,231,1,16,1
1979,LAK,3,1,0.425,0.425,80,290,313,1134,250,68,947,0,3,284,1,16,1
2002,OTT,3,1,0.329268293,0.475609756,94,263,182,1347,236,54,1289,0,3,205,1,16,1
1996,TBL,5,1,0.390243902,0.463414634,88,217,247,1628,235,83,1589,0,4,242,1,16,0
1988,DET,1,1,0.35,0.5125,93,313,316,2391,322,72,2351,0,4,262,1,17,1
2003,NJD,1,1,0.243902439,0.56097561,108,213,164,938,212,36,885,1,3,162,1,17,1
1989,BOS,2,1,0.3625,0.4625,88,289,232,1929,289,85,1862,0,2,253,1,17,1
2010,COL,2,1,0.365853659,0.524390244,95,227,288,1027,222,53,901,0,3,218,1,17,0
2009,STL,3,1,0.37804878,0.5,92,225,223,1248,219,70,1140,1,2,218,1,17,0
1975,BUF,1,1,0.2,0.6125,113,339,240,1229,352,83,1209,0,4,238,1,17,1
1976,PHI,1,1,0.1625,0.6375,118,323,213,1980,348,83,1970,0,3,207,1,17,1
1981,BUF,1,1,0.25,0.4875,99,307,273,1194,327,73,1172,0,4,244,1,17,1
1980,NYI,2,1,0.35,0.4875,91,355,260,1298,281,63,1281,0,3,242,1,17,1
1983,MTL,2,1,0.3,0.525,98,286,295,1116,348,63,1098,1,4,279,1,17,1
1987,MTL,2,1,0.3625,0.5125,92,298,238,1802,277,67,1768,1,3,233,1,17,1
1997,PIT,2,1,0.43902439,0.463414634,84,228,188,1498,277,73,1374,0,3,269,1,17,1
1999,STL,2,1,0.390243902,0.451219512,87,248,165,1308,235,61,1153,0,2,204,1,17,1
2008,ANA,2,1,0.329268293,0.573170732,102,245,238,1481,194,60,1437,0,2,178,1,17,1
2001,TOR,3,1,0.353658537,0.451219512,90,249,207,1430,231,56,1414,0,4,201,1,17,1
1994,BUF,4,1,0.380952381,0.511904762,95,130,119,1760,282,96,1744,1,3,215,1,17,1
1982,DET,6,0,0.5875,0.2625,54,263,344,1250,251,39,1170,0,4,343,1,17,0
1977,PHI,1,1,0.2,0.6,112,296,200,1547,323,52,1541,1,3,209,1,17,1
1984,WAS,2,1,0.3375,0.6,101,322,240,1252,301,74,1201,0,3,222,1,17,1
1990,EDM,2,1,0.35,0.475,90,272,272,2046,312,83,1994,1,4,275,1,17,1
1991,MTL,2,1,0.375,0.4875,89,267,207,1425,273,66,1405,1,3,245,1,17,1
2011,MTL,2,1,0.365853659,0.536585366,96,212,226,1097,212,57,1019,1,2,198,1,17,0
2007,NYR,3,1,0.365853659,0.512195122,94,213,199,1109,230,75,1053,0,2,209,1,17,1
1992,PHO,4,1,0.4,0.4125,81,322,320,1907,241,91,1753,0,4,240,1,17,1
1979,NYI,1,1,0.1875,0.6375,116,281,247,1077,352,81,1040,0,3,214,1,17,1
2000,EDM,2,1,0.317073171,0.390243902,88,243,222,1344,225,53,1322,0,3,212,1,17,1
1985,CAL,3,1,0.3375,0.5125,94,354,315,1400,363,79,1384,0,3,298,1,17,1
1986,NYI,3,1,0.3625,0.4875,90,279,281,1343,319,71,1260,0,2,280,1,17,1
1995,WAS,3,1,0.375,0.458333333,52,234,204,1144,132,45,1118,0,2,114,2,17,1
1988,BOS,2,1,0.375,0.55,94,289,256,2443,281,70,2174,1,2,245,1,18,1
2003,WAS,2,1,0.353658537,0.475609756,92,186,253,1268,218,57,1224,1,5,213,1,18,0
2009,MTL,2,1,0.365853659,0.5,93,217,223,1229,233,68,1177,0,2,236,1,18,1
1998,BUF,3,1,0.353658537,0.43902439,89,207,175,1768,207,50,1752,0,3,184,1,18,1
2010,NAS,3,1,0.353658537,0.573170732,100,219,194,710,216,47,679,0,3,214,1,18,1
1974,BOS,1,1,0.217948718,0.666666667,113,345,245,968,344,65,917,0,3,220,1,18,1
1983,CHI,1,1,0.2875,0.5875,104,277,311,1185,336,86,1171,0,3,262,1,18,1
1980,BOS,2,1,0.2625,0.575,105,316,272,1460,310,60,1378,0,3,230,1,18,1
1993,CAL,2,1,0.357142857,0.511904762,97,302,256,1951,307,83,1870,0,5,278,1,18,1
1997,ANA,2,1,0.402439024,0.43902439,85,205,261,1710,244,56,1662,1,3,227,1,18,0
1994,MTL,3,1,0.345238095,0.488095238,96,125,148,1524,280,78,1478,0,2,243,1,18,0
1999,PIT,3,1,0.365853659,0.463414634,90,241,236,977,241,65,919,1,4,215,1,18,1
2001,LAK,3,1,0.341463415,0.463414634,92,214,190,1196,248,71,1165,0,2,219,2,18,1
1975,WAS,5,0,0.8375,0.1,21,224,394,1085,147,37,870,0,3,443,1,18,0
1991,BOS,1,1,0.3,0.55,100,270,275,1694,299,74,1661,1,4,261,1,18,1
1984,BUF,2,1,0.3125,0.6,103,290,237,1190,314,71,1176,0,3,255,1,18,1
1992,NJD,4,1,0.3875,0.475,87,308,299,1611,287,58,1584,1,2,257,1,18,1
2011,CHI,3,1,0.353658537,0.536585366,97,248,238,742,243,63,690,1,2,210,2,18,1
1986,COL,1,1,0.3875,0.5375,92,267,276,1847,325,98,1777,1,3,286,1,18,1
1985,PHO,2,1,0.3375,0.5375,96,295,372,1540,358,75,1532,1,4,326,1,18,1
1995,NJD,2,1,0.375,0.458333333,52,215,202,787,136,22,773,0,3,120,1,18,0
2006,COL,2,1,0.365853659,0.524390244,95,272,251,1178,273,88,1068,0,2,244,1,18,0
2000,PIT,3,1,0.37804878,0.451219512,88,281,256,1221,224,50,1159,0,4,229,1,18,1
2002,LAK,3,1,0.329268293,0.487804878,95,203,221,1348,209,73,1307,0,3,185,1,18,0
1996,MTL,3,1,0.390243902,0.487804878,90,249,276,1847,265,77,1805,1,4,242,1,18,1
1989,WAS,1,1,0.3625,0.5125,92,284,275,1836,286,91,1804,1,5,257,1,19,1
1988,EDM,2,1,0.3125,0.55,99,325,306,2173,353,87,2097,0,2,283,1,19,1
2003,ANA,2,1,0.329268293,0.487804878,95,184,213,954,191,52,781,1,3,184,2,19,0
2009,NYR,4,1,0.365853659,0.524390244,95,222,218,1199,175,40,1092,0,5,207,1,19,0
1982,MTL,1,1,0.2125,0.575,109,350,286,1463,360,72,1457,0,3,222,1,19,1
1983,EDM,1,1,0.2625,0.5875,106,446,314,1771,422,86,1721,0,2,309,1,19,1
1994,CAL,1,1,0.345238095,0.5,97,163,135,1847,298,87,1778,1,4,251,1,19,1
1987,CAL,2,1,0.3875,0.575,95,397,305,2036,315,80,1849,0,3,282,1,19,1
1997,NYR,4,1,0.414634146,0.463414634,86,197,231,1481,248,63,1335,1,3,220,1,19,0
2001,BOS,4,0,0.365853659,0.43902439,88,236,201,1325,210,57,1170,0,3,241,1,19,1
2008,PHI,4,1,0.353658537,0.512195122,95,264,238,1471,231,84,1289,0,2,222,1,19,1
1984,BOS,1,1,0.3125,0.6125,104,303,287,1606,328,81,1521,1,4,258,1,19,1
2007,ANA,1,1,0.243902439,0.585365854,110,205,191,1457,253,89,1427,0,3,195,1,19,1
1991,CAL,2,1,0.325,0.575,100,296,305,2201,343,91,2169,1,5,261,1,19,0
1990,PHO,3,1,0.4,0.4625,85,260,288,1639,298,65,1617,1,3,278,1,19,0
1992,PIT,3,1,0.4,0.4875,87,367,268,1907,338,92,1875,1,2,300,1,19,1
1985,WAS,2,1,0.3125,0.575,101,315,272,1161,319,78,1078,0,4,233,1,19,1
1986,WAS,2,1,0.2875,0.625,107,285,278,1418,299,77,1356,0,3,265,1,19,1
2002,PHO,2,1,0.329268293,0.487804878,95,204,230,1154,227,53,1114,0,5,204,2,19,0
1995,CHI,3,1,0.395833333,0.5,53,273,220,1123,151,51,1012,0,3,111,1,19,1
2000,PHO,3,1,0.37804878,0.475609756,90,214,212,940,232,37,926,0,2,220,1,19,0
2006,ANA,3,1,0.329268293,0.524390244,98,258,208,1459,237,85,1361,0,4,216,1,19,1
1988,MTL,1,1,0.275,0.5625,103,315,218,1830,284,61,1836,0,3,237,1,20,1
2009,NJD,1,1,0.329268293,0.62195122,106,222,191,1058,227,56,935,0,2,199,1,20,1
2010,PIT,2,1,0.341463415,0.573170732,101,238,199,1195,224,44,1048,0,2,225,1,20,1
1989,NYR,3,1,0.4375,0.4625,82,279,267,1891,301,80,1752,0,3,299,1,20,1
2003,MIN,3,1,0.353658537,0.512195122,95,188,183,1063,193,52,1019,0,2,177,1,20,0
1980,BUF,1,1,0.2125,0.5875,110,327,250,967,308,67,906,1,2,199,1,20,1
1981,STL,1,1,0.225,0.5625,107,315,349,1657,344,82,1605,1,5,279,1,20,1
1982,EDM,1,1,0.2125,0.6,111,424,315,1473,387,78,1381,0,4,289,1,20,1
1987,PHI,1,1,0.325,0.575,100,292,292,2082,310,68,2068,1,3,240,1,20,1
1993,VAN,1,1,0.345238095,0.547619048,101,279,276,2326,338,78,2276,0,2,278,1,20,1
2001,SJS,2,1,0.329268293,0.487804878,95,248,199,1364,212,56,1270,1,3,187,1,20,1
1994,DAL,3,1,0.345238095,0.5,97,136,135,1919,264,80,1805,0,4,258,1,20,1
1997,FLO,3,1,0.341463415,0.426829268,89,203,256,1628,221,50,1603,1,4,194,1,20,0
2008,NYR,3,1,0.329268293,0.512195122,97,210,218,1154,191,58,1120,1,2,185,1,20,1
1999,BUF,4,1,0.341463415,0.451219512,91,213,204,1561,205,49,1545,0,3,171,1,20,1
1984,NYI,1,1,0.325,0.625,104,345,312,1157,351,63,1139,0,3,268,1,20,1
1992,MTL,1,1,0.35,0.5125,93,326,280,1556,266,74,1470,0,3,200,1,20,1
1990,NJD,2,1,0.425,0.4625,83,272,264,1659,266,59,1484,1,3,285,1,20,1
2007,PIT,2,1,0.292682927,0.573170732,105,247,216,1249,256,91,1142,0,3,236,1,20,1
2011,PHO,3,1,0.317073171,0.524390244,99,216,204,863,226,46,847,1,3,217,1,20,1
1985,EDM,1,1,0.25,0.6125,109,426,310,1567,401,75,1553,0,2,295,1,20,1
1986,PHI,1,1,0.2875,0.6625,110,310,245,2025,335,91,1993,0,3,237,1,20,1
1995,CAL,1,1,0.354166667,0.5,55,241,240,1249,156,34,1214,0,2,128,1,20,1
2000,LAK,2,1,0.329268293,0.475609756,94,252,228,1313,245,60,1307,0,5,218,1,20,1
2006,MTL,3,1,0.37804878,0.512195122,93,245,256,1336,229,87,1248,0,3,239,1,20,0
1996,FLO,3,1,0.37804878,0.5,92,221,201,1494,252,79,1457,0,2,230,1,20,1
1988,CAL,1,1,0.2875,0.6,105,354,226,2431,397,109,2409,0,2,304,1,21,1
1998,LAK,2,1,0.402439024,0.463414634,87,189,222,1763,227,52,1741,1,4,221,1,21,0
2010,DET,2,1,0.292682927,0.536585366,102,261,241,723,219,59,609,0,4,204,1,21,1
2003,BOS,3,1,0.37804878,0.43902439,87,209,188,1370,230,57,1250,0,2,234,1,21,1
2009,CBS,4,1,0.37804878,0.5,92,216,259,1227,209,40,1103,1,2,214,1,21,0
1980,PHI,1,1,0.15,0.6,116,313,249,1844,326,44,1818,0,3,251,1,21,1
1981,NYI,1,1,0.225,0.6,110,385,250,1442,352,91,1369,0,2,254,1,21,1
1982,NYI,1,1,0.2,0.675,118,302,226,1328,385,80,1326,0,2,247,1,21,1
1983,BOS,1,1,0.25,0.625,110,336,261,1202,314,65,1146,0,3,224,1,21,1
1987,EDM,1,1,0.3,0.625,106,363,288,1721,366,70,1664,0,4,281,1,21,1
1997,BUF,1,1,0.365853659,0.487804878,92,211,187,1840,234,42,1815,0,2,202,1,21,1
2008,WAS,1,1,0.37804878,0.524390244,94,272,245,975,238,65,953,0,4,220,2,21,1
1994,BOS,2,1,0.345238095,0.5,97,150,127,1442,276,80,1365,1,3,250,1,21,1
1993,MTL,3,1,0.357142857,0.571428571,102,283,248,1788,326,79,1780,0,5,274,1,21,1
1999,BOS,3,1,0.365853659,0.475609756,91,210,248,1182,213,65,1051,0,3,176,1,21,0
2001,PIT,3,1,0.341463415,0.512195122,96,198,249,1585,264,72,1473,1,2,249,1,21,0
1984,EDM,1,1,0.225,0.7125,119,401,298,1577,445,81,1557,0,5,310,1,21,1
1990,BOS,1,1,0.3125,0.575,101,299,264,1458,281,83,1321,1,4,230,1,21,1
1992,VAN,1,1,0.325,0.525,96,346,278,2075,284,85,2025,0,2,249,1,21,1
1985,PHI,1,1,0.25,0.6625,113,335,241,1540,332,64,1517,0,4,238,1,21,1
1986,EDM,1,1,0.2125,0.7,119,372,284,1928,425,78,1895,0,2,307,1,21,1
2000,OTT,2,1,0.341463415,0.5,95,274,205,850,244,52,836,0,3,207,1,21,1
2006,NYR,3,1,0.317073171,0.536585366,100,242,216,1194,250,83,1172,0,3,207,1,21,1
2002,CHI,3,1,0.329268293,0.5,96,207,226,1234,215,54,1042,0,4,202,1,21,0
2009,VAN,1,1,0.329268293,0.548780488,100,272,222,1351,233,61,1287,0,3,206,1,22,1
1998,PHI,2,1,0.353658537,0.512195122,95,231,196,1766,238,71,1668,0,3,191,1,22,1
2003,EDM,4,1,0.317073171,0.43902439,92,221,208,1203,230,56,1172,0,4,223,1,22,0
2010,MTL,4,1,0.402439024,0.475609756,88,216,209,936,193,47,853,0,2,214,1,22,1
1993,DET,2,1,0.333333333,0.55952381,103,356,275,1832,363,109,1812,0,5,274,1,22,1
1999,PHI,2,1,0.317073171,0.451219512,93,237,179,1075,227,62,924,1,2,192,1,22,1
2001,BUF,2,1,0.365853659,0.56097561,98,213,200,1249,211,60,1231,0,3,181,1,22,0
2008,EDM,4,0,0.426829268,0.5,88,234,248,1175,216,57,1088,1,3,237,1,22,0
1992,DET,1,1,0.3125,0.5375,98,369,280,2078,319,72,2012,1,2,253,1,22,1
1991,CHI,1,1,0.2875,0.6125,106,257,236,2412,284,87,2392,1,4,208,1,22,1
2011,TOR,4,0,0.414634146,0.451219512,85,231,264,985,211,52,931,1,4,236,2,22,0
1995,PHI,1,1,0.333333333,0.583333333,60,282,208,741,150,40,722,0,3,130,1,22,1
2000,NJD,2,1,0.292682927,0.548780488,103,295,195,1313,251,55,1291,0,3,198,1,22,1
2002,NYI,2,1,0.341463415,0.512195122,96,224,231,1255,239,59,1215,1,3,211,1,22,1
2006,PHI,2,1,0.317073171,0.548780488,101,214,303,1201,248,72,1012,1,5,246,1,22,0
1996,NYR,2,1,0.329268293,0.5,96,258,231,1849,272,85,1833,0,2,231,1,22,1
1998,PIT,1,1,0.292682927,0.487804878,98,242,225,1225,227,66,1190,0,3,176,1,23,1
2010,BUF,1,1,0.329268293,0.548780488,100,245,229,918,231,55,902,0,3,194,1,23,1
2003,VAN,2,1,0.280487805,0.548780488,104,235,194,1178,255,87,1102,0,3,201,1,23,1
2009,CAL,2,1,0.365853659,0.56097561,98,204,210,1299,248,61,1185,0,3,240,1,23,0
1994,DET,1,1,0.357142857,0.547619048,100,180,117,1775,356,85,1743,0,2,268,1,23,1
2008,MIN,1,1,0.341463415,0.536585366,98,219,200,1098,203,61,928,1,2,208,1,23,0
1993,NYI,3,1,0.44047619,0.476190476,87,282,264,1701,315,89,1626,1,3,286,1,23,1
1999,CHI,3,0,0.5,0.353658537,70,242,245,1807,202,50,1698,1,3,237,1,23,0
2007,NAS,2,1,0.280487805,0.62195122,110,230,229,1179,264,71,1134,0,3,199,1,23,1
2011,PIT,2,1,0.304878049,0.597560976,106,282,221,1388,225,49,1205,1,3,190,1,23,1
2000,VAN,3,0,0.353658537,0.365853659,83,239,238,1047,221,49,987,0,3,229,1,23,1
1996,PIT,1,1,0.353658537,0.597560976,102,285,280,1623,357,108,1585,1,4,275,1,23,1
2009,WAS,1,1,0.292682927,0.609756098,108,318,233,1041,235,77,921,0,3,234,1,24,1
1998,STL,3,1,0.353658537,0.548780488,98,237,209,1414,256,62,1400,0,5,198,1,24,1
2010,CHI,1,1,0.268292683,0.634146341,112,258,225,924,262,52,899,0,2,199,1,24,1
1994,PIT,1,1,0.321428571,0.523809524,101,181,158,1624,292,75,1547,0,4,283,1,24,1
1997,NJD,1,1,0.280487805,0.548780488,104,225,166,1135,231,40,1131,1,4,176,1,24,1
1999,TOR,2,1,0.365853659,0.548780488,97,246,222,1095,265,53,1075,0,2,225,1,24,1
2008,NJD,2,1,0.353658537,0.56097561,99,244,209,974,185,50,846,1,3,185,1,24,1
1993,CHI,1,1,0.297619048,0.55952381,106,254,240,2394,279,94,2356,0,3,226,1,24,1
1992,NYR,1,1,0.3125,0.625,105,304,308,1805,321,81,1789,1,3,239,1,24,0
2007,CAL,3,1,0.353658537,0.524390244,96,229,227,1204,238,71,1090,0,4,213,1,24,1
2000,TOR,1,1,0.329268293,0.548780488,100,232,207,1103,244,57,1062,0,2,217,1,24,1
1995,PIT,2,1,0.333333333,0.604166667,61,362,284,1036,181,42,1012,0,2,156,1,24,1
2002,TOR,2,1,0.304878049,0.524390244,100,236,208,1212,249,54,1188,0,3,202,1,24,1
2006,BUF,2,1,0.292682927,0.634146341,110,308,242,1164,276,101,1140,0,3,229,1,24,1
2009,BOS,1,1,0.231707317,0.646341463,116,206,200,1028,264,72,998,0,2,185,1,25,1
1998,DET,2,1,0.280487805,0.536585366,103,245,202,1346,248,67,1262,0,4,190,1,25,1
1993,BOS,1,1,0.30952381,0.607142857,109,289,252,1552,332,91,1536,0,3,264,1,25,1
1997,DAL,1,1,0.317073171,0.585365854,104,242,167,1325,251,46,1227,0,3,195,1,25,1
1999,COL,1,1,0.341463415,0.536585366,98,233,201,1619,238,71,1452,0,3,200,1,25,1
1994,NJD,2,1,0.297619048,0.55952381,106,136,121,1734,306,61,1718,0,2,217,1,25,1
2008,CAL,3,1,0.365853659,0.512195122,94,254,248,1342,221,59,1244,1,2,219,1,25,1
2007,VAN,1,1,0.317073171,0.597560976,105,213,215,1206,201,67,1052,0,3,192,1,25,0
2000,DAL,1,1,0.280487805,0.524390244,102,241,187,1029,198,54,880,0,2,175,1,25,1
2002,CAR,1,1,0.317073171,0.426829268,91,171,240,1022,217,63,1004,0,3,212,1,25,0
1996,COL,1,1,0.304878049,0.573170732,104,277,205,1536,319,86,1492,0,3,234,1,25,1
1998,NJD,1,1,0.280487805,0.585365854,107,248,196,1488,225,63,1480,0,2,162,2,26,1
2010,WAS,1,1,0.182926829,0.658536585,121,224,197,940,305,78,878,1,3,226,1,26,1
1993,PIT,1,1,0.25,0.666666667,119,299,285,1776,367,105,1702,0,4,264,1,26,1
1994,NYR,1,1,0.285714286,0.619047619,112,139,134,1688,298,96,1659,0,2,228,1,26,1
1997,COL,1,1,0.292682927,0.597560976,107,231,205,1361,277,83,1337,1,2,199,1,26,1
1999,OTT,1,1,0.280487805,0.536585366,103,244,210,892,237,59,852,0,5,176,1,26,1
2001,DAL,1,1,0.292682927,0.585365854,106,215,213,1041,241,72,1013,1,2,184,1,26,0
1995,DET,1,1,0.229166667,0.6875,70,325,181,932,177,52,904,0,3,117,1,26,1
2000,WAS,1,1,0.292682927,0.536585366,102,233,211,994,224,42,950,0,3,191,1,26,1
2006,CAL,1,1,0.304878049,0.56097561,103,258,226,1482,215,87,1389,1,2,188,1,26,1
2002,DAL,4,0,0.341463415,0.43902439,90,245,169,959,205,57,856,0,3,206,1,26,1
1996,DET,1,1,0.158536585,0.756097561,131,253,197,1551,325,97,1533,0,3,179,1,26,1
2009,CAR,2,1,0.365853659,0.548780488,97,230,256,802,227,69,700,0,4,210,1,27,0
1999,NJD,1,1,0.292682927,0.573170732,105,251,203,1355,246,60,1246,1,2,192,1,27,1
2001,PHI,2,1,0.304878049,0.524390244,100,234,192,1183,232,53,1139,1,3,198,1,27,1
2007,DET,1,1,0.231707317,0.609756098,113,257,184,982,248,68,877,0,3,187,1,27,1
2011,TBL,2,1,0.304878049,0.56097561,103,235,281,905,240,69,788,1,4,227,1,27,0
2002,SJS,1,1,0.329268293,0.536585366,99,214,239,1249,242,56,1180,1,3,192,1,27,0
2006,DAL,1,1,0.280487805,0.646341463,112,226,197,1496,249,88,1462,0,2,214,1,27,1
2010,SJS,1,1,0.243902439,0.62195122,113,248,213,1155,246,61,1077,0,3,205,1,28,1
2009,CHI,2,1,0.292682927,0.56097561,104,271,209,1157,260,70,1129,0,3,203,1,28,1
2001,NJD,1,1,0.231707317,0.585365854,111,205,187,1235,295,71,1211,1,4,193,1,28,1
2000,PHI,1,1,0.268292683,0.548780488,105,240,207,1233,232,69,1149,0,3,173,1,28,1
2002,COL,1,1,0.341463415,0.548780488,99,251,194,1007,210,62,995,0,2,159,1,28,1
2006,OTT,1,1,0.256097561,0.634146341,113,288,222,1462,306,101,1392,0,2,204,1,28,1
2003,OTT,1,1,0.256097561,0.634146341,113,262,189,1135,259,81,1098,1,3,181,1,29,1
2011,VAN,1,1,0.231707317,0.658536585,117,249,198,943,245,71,880,1,2,177,1,29,1
2007,OTT,2,1,0.304878049,0.585365854,105,261,247,1173,286,72,1154,1,3,212,1,29,1
2002,BOS,1,1,0.292682927,0.524390244,101,245,237,1454,236,39,1407,1,5,196,1,29,1
2000,DET,2,1,0.268292683,0.585365854,108,253,202,1014,277,69,974,0,2,207,1,29,1
2003,STL,2,1,0.292682927,0.5,99,191,198,1618,247,79,1560,0,3,215,1,30,1
2009,PIT,2,1,0.341463415,0.548780488,99,257,237,1114,255,62,1080,0,4,225,1,30,1
2008,DET,1,1,0.256097561,0.658536585,115,295,244,937,246,81,864,0,3,175,1,30,1
2011,ANA,2,1,0.365853659,0.573170732,99,204,231,1178,230,66,1085,1,4,225,1,30,0
2000,STL,1,1,0.231707317,0.62195122,114,249,195,1139,243,61,931,0,2,162,1,30,1
2006,NJD,1,1,0.329268293,0.56097561,101,216,201,948,208,64,736,1,2,222,1,30,1
1999,ANA,3,1,0.414634146,0.426829268,83,217,227,1323,200,76,1267,0,2,202,0,60,0
1998,BOS,2,1,0.365853659,0.475609756,91,214,181,1117,221,62,1105,0,2,186,0,60,1
1985,BOS,4,1,0.425,0.45,82,311,288,1825,290,69,1645,0,5,284,0,60,1
1976,BUF,2,1,0.2625,0.575,105,301,220,943,339,73,878,1,4,238,0,60,1
1993,BUF,4,1,0.428571429,0.452380952,86,282,218,1873,331,95,1835,0,2,292,0,60,1
2007,BUF,1,1,0.268292683,0.646341463,113,255,242,1200,298,71,1182,0,2,235,0,60,0
1989,CAL,1,1,0.2125,0.675,117,348,265,2444,316,96,2374,1,3,225,0,60,1
2010,CAL,3,0,0.390243902,0.487804878,90,250,237,1143,200,43,1127,0,2,198,0,60,0
1976,CAL,3,1,0.4125,0.4375,82,264,265,928,221,43,820,0,2,235,0,60,1
1978,CAL,3,1,0.3375,0.425,87,327,280,984,274,43,964,1,3,251,0,60,1
1982,CAL,3,1,0.425,0.3625,75,321,317,1331,299,72,1151,0,4,342,0,60,1
1974,CAL,4,1,0.435897436,0.384615385,74,243,233,841,212,44,798,0,2,235,0,60,0
1975,CAL,4,0,0.3875,0.425,83,262,237,915,232,54,893,0,2,225,0,60,1
1973,CAL,7,0,0.487179487,0.320512821,65,214,238,852,190,38,782,0,2,238,0,60,1
1977,CAL,3,1,0.425,0.425,80,274,252,889,259,42,813,0,3,263,0,60,1
1979,CAL,4,1,0.3875,0.5125,90,282,269,1158,323,54,1148,0,4,277,0,60,1
1988,CAR,4,1,0.475,0.4375,77,299,290,2046,249,84,2009,1,3,263,0,60,1
1989,CAR,4,1,0.475,0.4625,79,275,268,1672,278,86,1566,0,3,285,0,60,1
1987,CAR,1,1,0.375,0.5375,93,249,267,1496,287,73,1480,1,4,265,0,60,1
1980,CAR,4,1,0.425,0.3375,73,292,372,875,263,37,690,1,3,309,0,60,0
1981,CAR,4,0,0.5125,0.2625,60,264,351,1584,266,54,1491,0,3,366,0,60,0
1982,CAR,5,0,0.5125,0.2625,60,261,403,1493,251,68,1240,1,2,345,0,60,0
1983,CAR,5,0,0.675,0.2375,45,288,320,1392,219,46,1168,0,3,400,0,60,0
1993,CAR,5,0,0.619047619,0.30952381,58,227,288,2354,283,78,2215,0,5,361,0,60,0
1994,CAR,6,0,0.571428571,0.321428571,63,127,141,1809,214,58,1679,0,2,274,0,60,0
1990,CAR,4,1,0.4125,0.475,85,238,276,2102,274,80,2034,1,4,261,0,60,1
1991,CAR,4,1,0.475,0.3875,73,247,283,2209,238,73,2150,1,3,272,0,60,1
1992,CAR,4,1,0.5125,0.325,65,284,369,1793,242,72,1677,0,5,278,0,60,0
1984,CAR,5,0,0.525,0.35,66,268,318,1184,277,78,1112,0,4,315,0,60,0
2006,CAR,1,1,0.268292683,0.634146341,112,241,253,1125,286,95,1107,0,2,253,0,60,0
2000,CAR,3,0,0.426829268,0.451219512,84,212,225,799,217,58,795,0,2,207,0,60,1
1986,CAR,4,1,0.45,0.5,84,287,270,1759,331,83,1714,0,2,297,0,60,1
1985,CAR,5,0,0.5125,0.375,69,332,302,1606,254,72,1514,0,2,317,0,60,1
1995,CAR,5,0,0.5,0.395833333,43,237,259,915,124,30,913,1,3,134,0,60,0
1996,CAR,4,0,0.475609756,0.414634146,77,226,256,1844,234,66,1818,0,3,253,0,60,0
2011,CBS,5,0,0.426829268,0.414634146,81,202,262,1113,204,40,1038,1,4,243,0,60,0
1996,CHI,2,1,0.341463415,0.487804878,94,223,210,1880,273,63,1858,0,4,215,0,60,1
1970,CLE,4,0,0.526315789,0.289473684,57,199,320,1010,0,0,0,0,3,243,0,60,0
1971,CLE,7,0,0.679487179,0.256410256,45,216,288,937,167,34,827,1,3,316,0,60,0
1975,CLE,4,0,0.6,0.2375,51,250,278,1101,175,46,918,0,2,310,0,60,0
1973,CLE,8,0,0.58974359,0.205128205,48,195,342,840,213,41,840,1,4,322,0,60,0
1974,CLE,8,0,0.705128205,0.166666667,36,212,316,651,186,30,505,1,2,339,0,60,0
1977,CLE,4,0,0.525,0.3125,63,230,325,1011,209,51,897,1,2,290,0,60,0
1972,CLE,6,0,0.5,0.269230769,60,213,323,1007,155,27,845,0,2,283,0,60,0
2003,COL,1,1,0.231707317,0.512195122,105,236,198,1084,247,68,943,0,3,187,0,60,1
2001,COL,1,1,0.195121951,0.634146341,118,212,169,1138,262,78,1051,1,2,184,0,60,1
2008,COL,2,1,0.37804878,0.536585366,95,199,257,995,216,49,879,1,2,205,0,60,0
1983,COL,4,1,0.425,0.425,80,360,278,1648,306,54,1507,0,4,332,0,60,1
1980,COL,5,0,0.55,0.3125,61,314,318,1062,220,61,846,0,4,305,0,60,1
1998,DAL,1,1,0.268292683,0.597560976,109,236,168,1301,241,77,1255,0,3,163,0,60,1
2003,DAL,1,1,0.207317073,0.56097561,111,194,175,1166,227,53,1100,0,3,166,0,60,1
1971,DAL,4,1,0.435897436,0.358974359,72,212,191,898,191,38,883,0,3,223,0,60,1
1999,DAL,1,1,0.231707317,0.62195122,114,211,184,1108,233,74,953,0,2,167,0,60,1
1973,DAL,3,1,0.384615385,0.474358974,85,235,275,881,250,37,868,0,3,229,0,60,0
2008,DAL,3,1,0.365853659,0.548780488,97,230,257,1178,223,63,1096,1,4,195,0,60,0
2007,DAL,3,1,0.304878049,0.609756098,107,242,207,1133,206,78,904,0,4,185,0,60,1
1992,DAL,4,1,0.525,0.4,70,272,293,2169,246,76,2140,0,2,269,0,60,0
1985,DAL,4,1,0.5375,0.3125,62,327,305,1735,262,69,1673,0,4,316,0,60,1
2003,DET,1,1,0.243902439,0.585365854,110,255,189,1214,267,75,1126,1,4,199,0,60,1
2009,DET,1,1,0.256097561,0.62195122,112,229,216,824,287,90,778,0,2,235,0,60,1
1999,DET,1,1,0.390243902,0.524390244,93,278,210,1202,241,67,1065,0,3,197,0,60,1
2001,DET,1,1,0.243902439,0.597560976,111,251,187,1082,242,83,1036,1,2,200,0,60,1
1997,DET,2,1,0.317073171,0.463414634,94,250,196,1582,248,66,1414,0,3,193,0,60,1
1981,DET,5,0,0.5375,0.2375,56,270,351,1687,240,58,1447,1,5,334,0,60,0
2011,DET,1,1,0.304878049,0.573170732,104,248,203,754,240,66,654,1,3,231,0,60,1
1972,DET,5,0,0.448717949,0.423076923,76,265,243,850,254,55,823,1,3,257,0,60,0
2002,DET,1,1,0.207317073,0.62195122,116,269,203,1053,248,72,1015,0,2,185,0,60,1
2006,DET,1,1,0.195121951,0.707317073,124,254,199,1117,283,98,1024,0,3,201,0,60,1
2006,EDM,3,1,0.341463415,0.5,95,195,248,1204,240,87,1112,0,2,237,0,60,0
1998,FLO,6,0,0.524390244,0.292682927,63,210,228,1676,203,55,1656,0,2,251,0,60,0
2008,FLO,3,0,0.426829268,0.463414634,85,234,231,1026,202,57,908,0,2,215,0,60,0
2000,FLO,2,1,0.329268293,0.524390244,98,200,246,1329,233,53,1289,1,2,205,0,60,0
1989,LAK,2,1,0.3875,0.525,91,338,337,2215,367,82,2101,0,4,324,0,60,1
1971,LAK,5,0,0.512820513,0.320512821,63,206,305,775,221,37,714,1,4,299,0,60,0
1976,LAK,2,1,0.4125,0.475,85,271,241,1022,250,59,976,1,3,263,0,60,1
1974,LAK,3,1,0.423076923,0.423076923,78,269,185,1055,233,43,1053,0,2,225,0,60,1
1978,LAK,3,1,0.425,0.3875,77,292,286,903,220,49,807,0,2,240,0,60,1
1993,LAK,3,1,0.416666667,0.464285714,88,294,322,2247,338,102,2171,0,4,334,0,60,0
1982,LAK,4,1,0.5125,0.3,63,308,365,1730,305,73,1695,0,5,361,0,60,0
1983,LAK,5,0,0.5125,0.3375,66,309,376,1367,282,81,1208,1,5,360,0,60,0
1999,LAK,5,0,0.548780488,0.390243902,69,245,228,1383,177,43,1182,0,3,212,0,60,1
1973,LAK,6,0,0.461538462,0.397435897,73,233,231,888,204,51,824,0,2,242,0,60,1
1991,LAK,1,1,0.3,0.575,102,287,296,2228,340,80,2195,1,4,249,0,60,1
1977,LAK,2,1,0.3875,0.425,83,243,245,1186,249,65,1126,1,2,239,0,60,1
1992,LAK,2,1,0.3875,0.4375,84,338,340,2161,274,79,1839,0,4,289,0,60,1
2011,LAK,4,1,0.365853659,0.56097561,98,194,179,962,208,47,936,1,2,191,0,60,1
1972,LAK,7,0,0.628205128,0.256410256,49,232,245,719,182,34,599,0,2,303,0,60,0
1996,LAK,6,0,0.487804878,0.292682927,66,214,268,1460,246,69,1370,0,4,297,0,60,0
2008,MTL,1,1,0.304878049,0.573170732,104,249,247,1090,249,89,1052,1,3,210,0,60,1
1999,MTL,5,0,0.475609756,0.390243902,75,196,194,1299,183,50,1276,0,2,206,0,60,0
1979,MTL,1,1,0.2125,0.65,115,328,240,803,311,62,781,1,3,202,0,60,1
2011,NAS,2,1,0.329268293,0.536585366,99,237,210,720,203,40,654,1,2,186,0,60,1
2006,NAS,2,1,0.304878049,0.597560976,106,272,212,1533,238,94,1388,0,3,223,0,60,1
2010,NJD,1,1,0.329268293,0.585365854,103,174,209,859,204,50,696,1,3,184,0,60,0
1978,NJD,2,1,0.5,0.2375,59,210,331,818,219,57,671,1,3,300,0,60,0
1981,NJD,5,0,0.5625,0.275,57,241,362,1418,247,76,1251,1,4,337,0,60,0
1980,NJD,6,0,0.6,0.2375,51,258,344,1020,213,50,928,0,5,304,0,60,0
2007,NJD,1,1,0.292682927,0.597560976,107,206,197,830,203,65,791,0,2,187,0,60,1
1977,NJD,5,0,0.575,0.25,54,257,305,978,204,41,862,0,4,303,0,60,1
2002,NJD,3,1,0.341463415,0.5,95,216,166,1010,194,43,958,0,2,179,0,60,1
1979,NJD,4,0,0.6625,0.1875,42,234,308,838,204,59,635,1,4,322,0,60,0
2001,NYI,5,0,0.62195122,0.256097561,52,239,220,1339,176,46,1226,0,2,257,0,60,1
2007,NYI,4,1,0.365853659,0.487804878,92,194,243,1062,222,58,986,0,3,230,0,60,0
1988,NYR,5,0,0.425,0.45,82,310,307,1775,294,109,1714,1,3,278,0,60,1
1978,NYR,4,1,0.4625,0.375,73,316,292,1057,272,76,967,0,3,273,0,60,1
1995,NYR,4,1,0.479166667,0.458333333,47,272,237,781,123,37,718,0,3,132,0,60,1
2000,NYR,4,0,0.463414634,0.353658537,73,250,290,916,218,55,910,0,6,239,0,60,0
2002,NYR,4,0,0.463414634,0.43902439,80,210,231,1753,227,48,1737,0,4,252,0,60,0
2010,OTT,2,1,0.390243902,0.536585366,94,192,250,1141,213,49,1055,1,6,226,0,60,0
2009,PHI,3,1,0.329268293,0.536585366,99,236,225,1434,259,71,1341,0,5,229,0,60,1
2010,PHI,3,1,0.426829268,0.5,88,259,223,1362,225,68,1125,0,3,217,0,60,1
1989,PHI,4,1,0.45,0.45,80,290,297,2317,306,98,2295,0,4,279,0,60,0
1974,PHI,1,1,0.205128205,0.641025641,112,293,181,1750,269,60,1688,0,3,162,0,60,1
1983,PHI,1,1,0.2875,0.6125,106,350,290,1337,316,60,1301,1,2,237,0,60,1
1973,PHI,2,1,0.384615385,0.474358974,85,273,164,1756,296,74,1711,0,2,252,0,60,1
1997,PHI,2,1,0.292682927,0.548780488,103,242,193,1699,262,47,1659,1,3,211,0,60,1
1993,PHI,5,0,0.44047619,0.428571429,83,294,314,1887,301,72,1756,1,3,313,0,60,0
1994,PHI,6,0,0.464285714,0.416666667,80,150,132,1697,276,80,1522,0,2,304,0,60,1
1984,PHI,3,1,0.325,0.55,98,348,241,1488,303,55,1298,0,3,285,0,60,1
2003,PHO,4,0,0.426829268,0.37804878,78,188,245,1433,201,55,1397,1,5,221,0,60,0
1997,PHO,3,1,0.451219512,0.463414634,83,224,227,1582,239,65,1535,0,3,235,0,60,1
1994,PHO,6,0,0.607142857,0.285714286,57,157,177,2143,243,80,2082,1,2,338,0,60,0
1984,PHO,4,1,0.475,0.3875,73,358,332,1579,340,80,1545,0,3,372,0,60,1
1971,PIT,6,0,0.474358974,0.269230769,62,220,258,1079,193,48,858,0,3,240,0,60,1
2008,PIT,1,1,0.329268293,0.573170732,102,264,239,1179,240,77,1151,0,4,207,0,60,1
1981,PIT,3,1,0.4625,0.375,73,310,337,1807,273,84,1695,0,4,338,0,60,1
1978,PIT,4,0,0.4625,0.3125,68,281,279,1300,230,48,1241,0,3,317,0,60,1
1977,PIT,3,1,0.4125,0.425,81,254,321,669,234,46,636,0,4,249,0,60,0
1972,PIT,4,1,0.487179487,0.333333333,66,257,265,978,210,43,950,1,4,250,0,60,0
1979,PIT,2,1,0.3875,0.45,85,251,303,1039,274,55,994,1,3,274,0,60,1
2009,SJS,1,1,0.219512195,0.646341463,117,264,215,1053,238,86,899,0,2,197,0,60,1
2008,SJS,1,1,0.280487805,0.597560976,108,257,204,1075,205,68,943,0,2,181,0,60,1
2011,SJS,1,1,0.304878049,0.585365854,105,228,210,931,239,68,849,1,2,204,0,60,1
2000,SJS,4,1,0.365853659,0.426829268,87,217,192,1292,221,62,1112,0,3,209,0,60,1
1975,STL,2,1,0.3875,0.4375,84,249,290,1275,263,48,1239,0,4,266,0,60,1
2001,STL,2,1,0.268292683,0.524390244,103,227,188,1345,249,72,1325,0,3,186,0,60,1
1982,STL,3,1,0.5,0.4,72,285,316,1579,312,74,1485,1,3,344,0,60,1
1983,STL,4,1,0.5,0.3125,65,293,316,1281,274,63,1186,0,3,309,0,60,1
1993,STL,4,1,0.428571429,0.44047619,85,270,283,1889,282,93,1819,1,2,270,0,60,1
1994,STL,4,1,0.392857143,0.476190476,91,178,135,1659,265,85,1535,0,3,282,0,60,1
1997,STL,4,1,0.426829268,0.43902439,83,256,204,1336,229,50,1201,0,3,233,0,60,1
1974,STL,6,0,0.512820513,0.333333333,64,269,267,1147,188,38,1106,1,3,243,0,60,1
1984,STL,2,1,0.5125,0.4,71,299,288,1614,280,75,1578,0,4,308,0,60,1
1990,STL,2,1,0.425,0.4625,83,310,250,1809,295,79,1797,0,3,275,0,60,1
1991,STL,2,1,0.275,0.5875,105,279,266,1987,297,70,1889,1,4,248,0,60,1
1992,STL,3,1,0.4125,0.45,83,282,278,2041,279,69,2021,0,2,260,0,60,1
2011,STL,4,0,0.402439024,0.463414634,87,210,165,1225,233,51,1179,1,3,222,0,60,1
1985,STL,1,1,0.3875,0.4625,86,302,291,1301,288,66,1235,1,3,283,0,60,1
1995,STL,2,1,0.3125,0.583333333,61,219,248,1077,174,36,1022,0,4,135,0,60,1
2002,STL,2,1,0.329268293,0.524390244,98,253,222,1343,221,60,1300,0,7,181,0,60,1
2003,TBL,1,1,0.304878049,0.43902439,93,245,192,1079,216,70,1005,0,2,203,0,60,1
1999,TBL,4,0,0.658536585,0.231707317,47,204,310,1316,172,41,1212,0,6,287,0,60,0
2007,TBL,2,1,0.402439024,0.536585366,93,223,267,897,229,67,855,1,4,250,0,60,0
2002,TBL,3,0,0.487804878,0.329268293,69,219,210,1072,168,46,1013,0,4,209,0,60,1
2003,TOR,2,1,0.341463415,0.536585366,98,242,204,1390,210,58,1262,0,3,204,0,60,1
1971,TOR,4,1,0.423076923,0.474358974,82,209,208,1133,241,53,1119,0,2,206,0,60,1
2010,TOR,5,0,0.463414634,0.365853659,74,218,251,1091,201,44,901,0,3,252,0,60,0
1976,TOR,3,1,0.3875,0.425,83,301,285,1368,294,67,1272,1,3,270,0,60,1
1978,TOR,3,1,0.3625,0.5125,92,267,252,1258,268,56,1161,1,3,229,0,60,1
1980,TOR,4,1,0.5,0.4375,75,322,367,1158,302,68,1138,1,6,321,0,60,1
1997,TOR,6,0,0.536585366,0.365853659,68,194,237,1331,223,46,1187,1,3,265,0,60,0
2007,TOR,3,0,0.37804878,0.487804878,91,231,260,1139,234,65,1048,1,3,253,0,60,0
1991,TOR,5,0,0.575,0.2875,57,234,294,1962,229,57,1936,1,4,311,0,60,0
1996,TOR,3,1,0.43902439,0.414634146,80,230,273,1742,245,82,1710,0,3,247,0,60,0
2010,VAN,1,1,0.341463415,0.597560976,103,262,185,1269,261,66,1241,0,2,211,0,60,1
1976,VAN,2,1,0.4,0.4125,81,235,294,1122,251,66,1034,0,3,269,0,60,0
1987,VAN,5,0,0.5375,0.3625,66,272,320,1917,281,81,1775,0,4,306,0,60,0
1974,VAN,7,0,0.551282051,0.307692308,59,271,254,952,207,54,900,0,3,291,0,60,1
1995,VAN,2,1,0.375,0.375,48,278,278,1093,147,47,1027,1,2,146,0,60,1
2002,VAN,2,1,0.365853659,0.512195122,94,264,208,1342,248,65,1296,0,4,206,0,60,1
1998,WAS,3,1,0.365853659,0.487804878,92,200,218,1198,217,55,1150,0,4,194,0,60,0
2001,WAS,1,1,0.329268293,0.5,96,228,240,1141,228,73,1093,1,3,204,0,60,0
1987,WAS,2,1,0.4,0.475,86,281,249,1720,284,65,1694,0,3,271,0,60,1
1983,WAS,3,1,0.3125,0.4875,94,308,226,1329,288,72,1286,0,4,276,0,60,1
2011,WAS,1,1,0.280487805,0.585365854,107,222,230,926,216,46,882,1,3,190,0,60,1
2007,WPG,1,1,0.341463415,0.524390244,97,216,272,1097,217,61,967,1,3,234,0,60,0
